,District,area_col,Code,percent
1,13,9.481450445148422e-05,9001820A,0.9976529243469591
2,1,3.764344706646596e-05,9001839A,0.8073989662944867
3,13,8.979658285316184e-06,9001839A,0.1926010337055636
4,1,1.184959758719117e-05,9000605A,0.2836945810152742
5,13,2.991925659671535e-05,9000605A,0.7163054189847489
7,14,4.611641121331034e-05,9000856A,0.9995289379835725
9,14,9.371759683829456e-05,9000816A,0.9988629219792827
11,13,7.565206309302126e-05,9006324A,0.9599379884074456
14,14,8.10101656847448e-05,9000882A,0.9910776970576035
15,1,7.955721933047136e-05,9000922B,1.0000000000000004
17,14,9.241868898347305e-05,9000593C,0.9997450953734255
18,1,4.253962128165252e-05,9000915A,0.4206199520302278
19,14,5.859590754032796e-05,9000915A,0.5793800479697869
20,1,0.00010490396433436453,9003937B,1.0000000000000002
21,1,8.593300198841744e-05,9000878A,0.9999999999999996
22,1,5.405385975796334e-05,9001841A,0.8140729632727653
23,14,1.2345421629124153e-05,9001841A,0.1859270367273299
24,1,4.323196784037899e-05,9001210A,0.86026334454172
25,14,7.0223735943455475e-06,9001210A,0.1397366554582495
26,1,3.449286145865156e-05,9005543B,0.9999999999999998
27,1,2.0569351359446877e-05,9000319A,0.38167854576419014
28,13,1.4016759617213385e-05,9000319A,0.2600906724541504
29,14,1.930570869128358e-05,9000319A,0.358230781781655
30,1,0.00013567994206581196,9001014A,0.9961514197350337
32,1,3.803613540617003e-05,9000464B,0.9991077307064652
35,14,5.5087143163077404e-05,9002809A,0.9966027052423113
37,14,5.7146683473288326e-05,9000927A,0.9998738383262386
38,1,0.0001342859957086882,9000887A,0.8933995488011774
39,14,1.6023007568604454e-05,9000887A,0.10660045119882075
40,1,6.186947040765798e-05,9000602A,0.9799372773340379
43,1,5.344684998742574e-05,9000371A,0.964265146023235
46,1,0.0003892938912532621,9001660A,0.9188339989590022
49,14,8.60865484233362e-05,9006321A,0.9999767079713264
50,1,0.00014225815682373743,9000885A,0.9975503411893892
52,1,0.0001388139579881009,9000029B,0.9765456934944868
55,13,7.88113940154698e-05,9000872A,0.9966026556251394
57,13,0.00012121184519625798,9000513A,0.9473610012405773
58,1,3.9610975739601206e-05,9007542A,0.9770609136297514
60,1,4.0303023412523246e-05,9002364A,0.9999999999999994
62,10,4.3733642006316595e-05,9007107A,0.998172990407783
65,10,4.983085628894309e-05,9005405A,0.9656982794372646
66,1,7.061709655668591e-05,9002053A,1.000000000000001
67,1,5.404496991995241e-05,9000829A,1.0000000000000004
68,1,4.3452304441144796e-05,9005537A,0.9999999999999997
69,1,4.709369021340602e-05,9000818A,0.8856518664881519
70,14,6.0803525401475875e-06,9000818A,0.11434813351183791
71,1,0.00010495830577589212,9002248A,0.9999999999999983
72,1,0.00010144648564866697,9000835A,1.0000000000000018
73,1,0.00012195974755450982,9006313C,1.0
74,1,3.71542047572353e-05,9001104A,1.0000000000000002
75,1,4.6119186977085775e-05,9000515A,1.0
76,1,8.177540596582184e-05,9006317A,0.9766676694623324
78,1,4.1035298705508776e-05,9000597A,0.946057622931923
80,1,3.827954875821481e-05,9000833D,0.9999999999999988
81,1,7.68598935330255e-05,9000524A,0.9999999999999997
82,1,9.624516959159001e-05,9004090A,0.9999999999999984
83,1,5.086684992150188e-05,9002691A,0.9999999999999999
84,1,6.588240691173426e-05,9006319A,0.9559789960033042
86,1,4.11508774028133e-05,9002098A,0.9759615534490781
90,13,5.093873399864448e-05,9001685A,0.9999563070078803
91,1,1.9625992587153223e-05,9005012A,0.44527671174699474
92,10,1.8778200014719213e-05,9005012A,0.42604189917786905
93,13,5.671754038479939e-06,9005012A,0.12868138907507926
95,8,3.620374566548373e-05,9001739A,0.9999971895556159
97,10,4.640580651412081e-05,9002952A,0.9988140972764044
99,10,4.813782508811836e-05,9005401A,0.9959919332685983
101,10,5.111940644118672e-05,9001098A,0.9974924261776618
103,9,6.165039957234854e-05,9001929A,0.9977745870210836
104,1,4.399147044729564e-05,9000454A,0.9697055100910756
106,1,3.0685376130659904e-05,9000888A,0.9979846249268067
109,8,3.1879116090342665e-05,9001920A,0.9932922347311878
112,9,9.671166349798838e-05,9001046A,0.9701390721248595
114,1,3.237533373612981e-05,9003952A,0.9991610877449434
116,1,3.04880681959271e-05,9005400A,0.750366315832398
117,10,1.0142844403218304e-05,9005400A,0.24963368416766102
118,1,2.548432416159621e-05,9001309A,0.9977026678177024
121,1,2.522059279334813e-05,9003645A,0.934169500242307
123,1,4.0246245908177915e-05,9000517A,0.9981322642321709
125,1,5.6309553410857815e-05,9001875A,0.9999665172477957
127,1,6.835296582130211e-05,9000053A,1.0000000000000007
128,1,2.0829347107025953e-05,9005014A,0.99502323629942
131,1,5.145572287365249e-05,9005769B,0.9696789100862515
134,1,3.746127238539704e-05,9005757A,1.0000000000000009
135,1,3.381265314261453e-05,9001913C,0.9792995051478468
137,1,4.567392755225659e-05,9001678A,0.9999999999999994
138,1,3.747385069223014e-05,9001499A,0.9999999999999997
139,1,2.3900624848870736e-05,9001592A,0.9999425965022227
141,1,4.6917722739731755e-05,9001536A,0.9687402897978377
143,1,3.1591822363036605e-05,9000957C,0.9999999999999998
144,1,5.016519129105134e-05,9001742A,1.0000000000000007
145,1,3.227830038914189e-05,9001114A,0.9973735351101858
148,13,3.6461950080875974e-05,9000919A,0.9959000215604714
150,13,5.6242647241972096e-05,9000970A,0.9976982897965416
152,14,8.168333049147468e-05,9000243A,0.9999937761351779
154,13,7.722514404259595e-05,9000918A,0.9995153740853921
156,14,0.0003552482704143249,9005105B,0.9080986737142823
158,13,4.492691272451869e-05,9000941B,0.9972505511272739
159,1,0.0001761821593028028,9000795A,0.9847193921668448
161,1,1.0169143879505297e-06,9002625A,1.0000000000000002
163,14,0.00011122702799730742,9003185A,0.999391547640584
166,13,7.97182125395982e-05,9000466A,0.9980018023460425
168,13,6.862957746537807e-05,9000819A,0.998254790177582
170,13,2.6800171568971283e-06,9005541D,0.9718293017248906
173,9,3.344341104301882e-05,9001956A,0.9978832052780143
175,6,2.5213299867758846e-05,9007341A,0.9640176134488507
178,6,9.711184320132139e-05,9000140A,0.99895551026408
180,6,0.00013287429772274414,9000405A,0.9998031206593028
182,6,5.351691153056274e-05,9002318A,0.9965091548063226
184,6,0.00011224199933798248,9000110A,0.9985440283693306
186,6,6.962790289013015e-05,9000137B,0.9994069947778217
188,6,0.0001350522898515487,9000460A,0.9999999445797954
190,6,9.020608918189637e-05,9000508A,0.9996671589905659
192,6,0.0004747124500020715,9005638A,0.9998514711189277
194,6,0.00013135076808034934,9000089A,0.9989783669707933
196,6,0.0001420705546528955,9000737B,0.9998169577889177
198,6,8.672653986451192e-05,9000496A,0.9977385459676875
200,6,5.663420564847554e-05,9005188A,0.9967063974868967
202,6,7.120207091810571e-05,9001640A,0.997710331106289
203,2,8.347086526594137e-05,9000566A,0.9999999999999997
204,2,6.639511514456121e-05,9005140A,0.9999999999999998
205,2,8.136586317983038e-05,9000563A,0.9999999999999998
206,2,9.422571042197953e-05,9000377A,0.9999999999999997
207,2,6.801673970545045e-05,9000606A,0.9999999999999996
208,2,7.118250575123748e-05,9007101E,1.0
209,2,8.154725895221869e-05,9000553D,1.0000000000000009
210,2,7.570839387974113e-05,9000135B,0.9999999999999998
211,2,9.420219611656154e-05,9000562A,1.0000000000000002
212,2,6.365832608039107e-05,9000980A,1.0
213,2,6.317946689549124e-05,9000385A,1.0000000000000004
214,2,6.903484233934876e-05,9000569C,0.9999999999999994
215,2,0.00012690449883563326,9000575A,0.9999999999999998
216,2,7.76914662654118e-05,9000214A,0.9999999999999998
217,2,5.3492355648913574e-05,9000142A,1.0000000000000002
218,2,4.37933572139765e-05,9000773B,0.9999999999999999
219,2,5.2486325746894904e-05,9005530A,0.9999999999999999
222,2,7.525476810512308e-05,9007346A,0.9986304640597367
223,2,7.943107704140989e-05,9001002B,0.9868394163558649
225,2,3.1027619046242774e-05,9000990A,0.9999999999999993
226,2,4.3605511682810455e-05,9000988A,1.0000000000000002
227,2,5.152432461608101e-05,9001167A,0.6277349989703384
228,4,3.055541396882398e-05,9001167A,0.372265001029661
229,2,6.794381957437983e-05,9000422A,0.9999999999999996
230,2,6.780623882020952e-05,9005155B,0.8031451711724085
231,4,1.6619642395296718e-05,9005155B,0.19685482882758656
232,2,5.697015963247973e-05,9002873A,1.0
233,2,4.5709043799517885e-05,9000611A,0.9703554264823367
236,4,4.970285123180236e-05,9000348C,0.9996484865512464
237,2,7.957933077976063e-05,9005142A,1.0000000000000002
238,2,9.003024262944071e-05,9001052A,0.9999999999999988
239,2,4.3131705999534676e-05,9003161A,0.9681320801035087
241,2,5.239924382335213e-05,9005159A,0.5399698621672374
242,4,4.464180882547852e-05,9005159A,0.4600301378327738
243,2,2.245861783413962e-05,9000732A,0.9996784040962644
244,2,4.1108801492362124e-05,9000193A,0.999479345833003
246,2,8.582385240287125e-05,9000506A,1.0000000000000002
247,2,3.530776833596803e-05,9000503A,1.0000000000000004
248,2,2.3831006612802807e-05,9005147A,1.0000000000000002
249,2,5.995812896443868e-05,9000490A,0.998378755200823
251,2,6.361906874351618e-05,9000578A,0.9999999999999996
252,2,9.079218594451346e-05,9002396A,0.9999999999999997
253,2,6.265117129259216e-05,9007126A,0.9999999999999998
255,4,9.258163782755351e-05,9000154A,0.9986691927000684
257,4,7.46263859234475e-05,9000215B,0.9971691923687442
259,4,7.928806043097388e-05,9000231A,0.9993769095852846
261,4,4.094621639287326e-05,9000841A,0.9002800419279426
262,2,4.2576421550231287e-05,9001152A,0.9999999999999996
264,4,7.282838347783312e-05,9001113A,0.9996379118267158
265,2,6.392045261051407e-05,9005663A,0.9996146220760901
266,2,9.316295405360332e-05,9005662A,0.9999219121964137
271,4,8.371481508059716e-05,9005183A,0.9969936855711008
273,2,3.5786996467762944e-05,9005151B,1.0
274,2,5.847596035380517e-06,9002527A,1.0000000000000002
275,2,1.8710455050381428e-05,9000511A,1.0
278,2,0.000177714812290139,9000416A,0.9639706584461161
281,2,0.00012073881980836565,9005667A,0.9987492089209102
282,2,3.0041730689141076e-05,9001158A,1.0000000000000002
283,2,0.00014540325774739879,9000428A,0.8228458139721861
284,4,3.0709411417569345e-05,9000428A,0.17378641322050195
285,2,0.00010833199051452133,9000251A,0.9943948476935291
288,7,0.0015838655244512748,9007323A,0.9960059043694826
289,2,3.170361379254322e-05,9002222A,1.0000000000000007
290,2,0.00011563894455643917,9000556A,1.0
291,2,6.95897782082609e-05,9000531A,0.9991984676937932
292,2,5.514369698222519e-05,9000520B,0.9970458128888786
293,2,0.00010599795742385173,9000498A,0.9990447492967462
295,2,9.95625632235429e-05,9003998A,0.998862161309673
297,2,8.526848724765716e-05,9000489A,0.9988865446155998
299,2,5.418899141600785e-05,9000116A,1.0000000000000002
300,2,0.00010465387952222743,9000607A,0.9999999999999997
301,2,9.018277755108417e-05,9002220A,0.9999999999999997
302,2,5.6834781449806894e-05,9001917A,0.9999999999999999
303,2,6.344124974955526e-05,9000592A,1.0000000000000002
304,2,4.104544864608083e-05,9000119A,1.0000000000000002
305,2,6.332158000174013e-05,9000688A,1.0000000000000002
306,2,0.00010653486830988228,9000509A,0.9990964114903212
308,2,2.818502032944764e-05,9000718A,1.0000000000000007
309,2,3.392910608200718e-05,9000125B,1.0000000000000007
310,2,6.0023521739105645e-05,9000543A,0.9961284404573886
311,2,3.9688974192094964e-05,9002221A,0.9999999999999998
312,2,6.840773841120045e-05,9000483A,1.0000000000000002
313,2,6.901432077549316e-05,9000516A,0.9991691429867346
315,2,3.8552057522742496e-05,9000165A,1.0000000000000002
316,2,0.0001720469431432254,9000500B,0.9999999999999984
317,2,7.382966037639654e-05,9000616A,0.9999427625428825
318,2,0.00010796713567414425,9000461A,0.9970790438977885
320,2,3.5893232203970106e-05,9000252A,0.9999999999999998
321,2,4.4976209972336526e-05,9000619A,0.9998235145690394
322,2,6.052230982137941e-05,9000523A,0.9993660160787381
324,2,9.506408428453718e-05,9000519B,0.9999999999999997
330,4,0.00011529914531071898,9000174A,0.9992988516405276
332,3,0.0001540439180940076,9000234A,1.0000000000000004
333,3,9.420863404159637e-05,9007883B,0.9993122483733707
335,3,5.289161565156775e-05,9000238A,0.9999999999999994
336,3,6.540113561165348e-05,9007864A,0.9998528566455664
338,3,6.3109035230599405e-06,9007935D,0.9979046548041164
340,3,8.565289574660399e-05,9006434A,1.0000000000000002
341,3,8.51263227004158e-05,9006426A,1.0000000000000002
342,3,8.961785019085747e-05,9006429D,0.9986737560629144
344,3,0.00015670785708001649,9006496A,0.9990295664145277
346,3,7.72250179762955e-05,9006440A,0.9999999999999993
347,3,9.235467457874863e-05,9006477A,0.9999897333888262
349,3,0.0001027794084276537,9006438A,1.0000000000000004
350,3,5.9982162741302574e-05,9006428A,0.9999999999999998
351,3,0.00010286209815929938,9000100B,1.0000000000000007
352,3,0.00010092572500929342,9001877A,1.0000000000000002
353,3,7.236202786419871e-05,9000124A,0.8388810923400783
354,4,1.3898144793097213e-05,9000124A,0.16111890765988646
355,3,7.686686755455248e-05,9000182A,1.0000000000000009
356,3,9.240209152708725e-05,9006441B,1.0000000000000002
357,3,4.9047036320984516e-05,9002307A,0.9999999999999994
358,3,0.0002050069240131039,9000429A,1.0000000000000009
359,3,0.00013635109882300538,9006495A,0.9998176380722068
361,3,0.0001278109683332746,9000359B,1.0000000000000007
362,3,5.200807741770905e-05,9000711A,0.6653097364098144
363,4,2.616314806045684e-05,9000711A,0.33469026359021764
364,3,9.176971435376811e-05,9000175A,0.9984604855492282
366,3,9.461448597453249e-05,9006411A,1.0000000000000004
367,3,0.00010774017679119767,9000423A,0.9999999999999998
368,3,5.810817412758708e-05,9007884A,1.0000000000000007
369,3,0.0001295621148995495,9001808A,0.999118028752671
371,3,0.00020302062476054337,9006602A,0.9995836861056648
373,3,4.8741360971476335e-05,9000206A,0.9999999999999999
374,3,8.942096678799154e-05,9000098A,1.0000000000000002
375,3,8.337114286167924e-05,9000181A,0.9494785956335452
377,3,9.538680914277363e-05,9001695A,1.0000000000000004
378,3,0.00013657191461573573,9006490A,0.9993239596594005
380,3,0.00010619876761706449,9000096B,0.9999123737253088
382,3,0.00010937512467787274,9006436A,0.9994092120192596
384,3,0.0001099994994291175,9000525B,1.0
385,3,9.006882567240854e-05,9000187A,0.9999999999999992
386,3,0.0001349187693814253,9007886A,0.878962217825734
387,4,1.853245492643682e-05,9007886A,0.12073433339615802
389,3,8.474093704628158e-05,9000128A,1.0000000000000002
390,3,0.00020256671894380778,9007939A,0.9996071692677764
391,3,6.221418966928593e-05,9006410A,0.988353919090254
393,3,4.982174831136391e-05,9000393C,0.9944168452049099
395,3,0.00013051930304628541,9003681B,0.9979726429249505
397,3,0.0001557758124944699,9006618B,0.9999230512099856
398,3,8.257939173170532e-05,9006445B,1.0
399,3,0.00012692783709367518,9006615A,1.0
400,3,4.162408467327924e-05,9000227A,1.0000000000000002
401,3,0.000300374186293953,9000527A,1.0000000000000013
402,3,0.00016170941495968793,9001039A,1.0
403,3,0.0001014828119681867,9007960A,0.9999999999999996
405,4,0.00010466177349804339,9000065A,0.9382912160245978
407,3,0.0006478506168061028,9001036B,0.9996585264425356
409,3,0.00027160555256604567,9006651A,1.0
410,3,1.5709080661590297e-05,9000063B,0.19591500781853025
411,4,6.447406016313487e-05,9000063B,0.8040849921814727
412,3,7.167287142002859e-05,9004240A,1.0000000000000007
413,3,3.184323802069455e-05,9000133A,0.29574986305451356
414,4,7.581267597027806e-05,9000133A,0.7041240128103309
417,3,0.00019011152998986116,9006623C,1.0000000000000004
418,3,0.00025412243780895317,9007954A,0.9999999999999998
419,3,0.00015807652119243697,9001999A,1.0
420,3,0.00020674469255471057,9006626A,0.9999999999999991
421,3,0.00022186034275872664,9007971A,1.0000000000000002
422,3,0.00024082406408514967,9001037A,0.9999999999999993
423,3,0.00013344673515342838,9001019A,0.9937776929313437
424,3,0.00012316825962559405,9006611A,0.9999999999999993
425,3,4.686885484759187e-05,9000226A,0.9999999999999999
426,3,0.00011686023955733075,9007902B,1.0000000000000004
427,3,0.0006829482970295776,9007975A,0.9993527162732329
430,3,0.00015716441900243808,9006614A,1.0000000000000004
432,12,0.0004888056247572834,9000191A,0.9999859754612564
434,12,8.90817856119741e-05,9000084A,0.9990243499446404
436,12,0.0006634200253782587,9006421A,0.9999114409143823
438,12,0.00014784209612830266,9006279A,0.9963246219142439
445,4,0.00043368161608901953,9001049A,0.9996694364306207
448,12,0.0001299126513444027,9006468A,0.9999990968940008
450,12,9.564249978053356e-05,9006483A,0.9999121717321202
452,12,0.00025615118967743726,9006297A,0.9996376643122928
454,12,0.00010541559058549913,9000092B,0.9997623527078431
456,4,7.483577822271915e-05,9000131A,0.9989092526064896
459,12,0.0001590279322000516,9006471A,0.9999848913318102
461,12,0.00011385668005711528,9006487B,0.9989306674609877
463,12,0.00012688578272658296,9000207A,0.9987223223828151
466,11,0.003952735942910079,9007693D,0.9997636022494252
467,4,3.639057950800527e-05,9000262A,0.9999999999999998
468,4,3.250387229015829e-05,9000317A,0.9999887620761452
470,4,0.0002392590684012996,9001184A,0.9998023076513551
471,4,0.00024710523675901237,9001191A,0.9999999999999982
472,4,7.141286058520949e-05,9005117A,1.0000000000000007
473,4,0.0015992507007585464,9001824A,0.9883300875131875
475,4,2.6179882865141042e-05,9000587B,1.0000000000000002
476,4,7.841769232491679e-05,9000697A,1.0000000000000002
477,4,1.0737516113524516e-05,9000866A,0.151275411286413
478,13,6.024240072963462e-05,9000866A,0.848724588713566
479,4,9.275423204302748e-05,9002171A,0.8949078694586754
480,13,1.0892450714540742e-05,9002171A,0.10509213054140142
481,4,6.199747525469378e-05,9002745A,1.0000000000000002
482,4,2.6237198577989345e-05,9005118A,0.9992677225990385
484,4,4.7992138614367133e-05,9000874A,0.9999026024859008
486,4,7.799152845855257e-05,9000699B,1.0000000000000004
487,4,6.274366483018122e-05,9000753A,1.0000000000000002
488,4,3.432033870648625e-05,9005124A,0.9993195843996927
490,4,3.47366892152152e-05,9004239A,1.0000000000000002
491,4,0.00026691946386283883,9001187A,1.000000000000002
492,4,0.000240053907111165,9000410A,0.9996766361101098
494,4,0.0003438835882107568,9001176A,0.9993831267017967
496,4,7.591599845405935e-05,9001928B,1.0000000000000004
497,4,0.0001274358882163896,9001173A,1.000000000000001
498,4,6.418023011282021e-05,9001934A,1.0
499,4,0.0002845523466509305,9001203A,1.0000000000000016
500,4,0.00029534312085623344,9001180A,0.9999999999999997
501,4,0.00030825336030533936,9001199A,0.9999933359796027
504,13,1.8447000069439075e-05,9000240A,0.9995977020661506
506,13,1.5683992740005563e-05,9000530A,0.9934429779876396
508,12,0.0001313375355024666,9000837A,0.9999322467182846
509,4,8.88285274444158e-09,7300001B,0.14602999470968117
511,13,0.00018230399503623112,9000369A,0.9982295323058015
514,12,0.00010901299039949186,9000086A,0.9984097233799502
515,4,4.987909794371605e-05,9001924B,1.0000000000000002
516,4,8.73908307459605e-05,9001015D,0.9874038988643435
518,4,8.927677141323333e-05,9001083A,1.0000000000000002
519,4,8.234798294115837e-05,9000402A,0.9999999999999997
520,4,0.00033805757126671916,9000260A,0.9978700783507001
522,4,7.554821062056456e-05,9000268A,0.9999999999999998
523,4,6.0569316337954735e-05,9005549A,1.0000000000000013
524,4,8.50772824238857e-05,9000745B,0.999999999999999
525,4,4.686215843028856e-05,9001087A,0.999999999999999
526,4,5.6557276985668973e-05,9003228A,0.9999999999999999
527,4,7.630927976063872e-05,9001931A,1.0
528,4,3.890311097145334e-05,9001126A,1.0000000000000004
529,4,6.806005605691419e-05,9001016A,0.9835585658064346
531,4,0.0002389078286894517,9001103A,0.99844329358697
533,4,7.984389672080593e-05,9001092A,0.9999999999999991
534,4,9.47144262063006e-05,9001122A,0.9999999999999993
535,4,0.00027420627517723856,9001127A,0.9990713906723183
537,4,0.00010984204138448076,9001109A,1.0000000000000002
539,4,9.170324937054048e-05,9000742A,0.9954675062048942
543,4,7.755925042281277e-05,9000255A,0.9999999999999998
544,4,0.0001347370165718487,9001073A,0.9997201143848097
546,4,9.000763145619957e-05,9000419A,0.9977213136438168
548,4,8.253485471034461e-05,9000132A,0.9999999999999997
549,4,0.0001063545983633942,9005187A,0.9985206083303291
552,13,2.043295129199243e-05,9002883A,0.962527093048572
554,13,2.7438233463331103e-05,9001949A,0.9713651387693175
555,4,1.9569978439022676e-05,9001426A,0.9990803385584736
557,4,4.750646234236385e-05,9000484A,0.5504767415614265
558,13,3.874496818824946e-05,9000484A,0.44895373784019443
559,4,0.00022180668172418986,9001233A,0.9999984706176699
560,4,2.5410927577138816e-05,9001733A,0.9987408937323405
562,4,0.00023206498840106356,9001224A,0.9987725243190118
563,4,5.095822663711957e-05,9001196A,0.9997290117796697
565,4,1.4101699286215616e-05,9001421A,0.5835661665306302
566,13,1.0062997186940702e-05,9001421A,0.41643383346940216
571,5,0.0007966361436756852,9003206A,0.9984394792611624
574,5,0.0006322028131863642,9001218A,0.9993463675078423
576,5,0.0003376335339252104,9001100A,0.9969874587272128
577,4,8.68227565744394e-05,9001212A,0.1214404445012886
578,5,0.0006274596499733853,9001212A,0.8776383266990606
579,4,7.22966287836406e-05,9001213A,1.000000000000001
581,5,8.626657520758213e-06,9000810A,0.9890859141186195
582,4,0.000129596431008325,9003981A,0.9999662156313005
584,4,5.3828348894226756e-05,9000263A,0.9999999999999992
585,4,0.0006686555520569482,9000684A,1.0000000000000007
586,4,7.006820014917795e-05,9000062A,0.9981773270439837
589,6,0.0007913771995801499,9002804A,0.9939150281552527
591,13,3.9123591357968546e-05,9000239B,0.996798765953853
593,13,3.891054196325132e-05,9004216A,0.9977577860565369
595,13,1.8281286066084303e-05,9001576A,0.994980602880717
597,13,6.691275517356828e-05,9000940A,0.9993424705119744
599,13,7.160253895223673e-05,9007434A,0.9997764460262242
601,13,4.9885798375015296e-05,9000784A,0.998498587735562
602,4,1.36314639914189e-05,9001647A,0.8125277242901142
603,13,3.1451500045275985e-06,9001647A,0.18747227570997294
604,4,1.2724100787196154e-05,9000507A,0.8555195737035922
605,13,2.148850315617651e-06,9000507A,0.14448042629621008
607,13,3.842945816888688e-05,9001128A,0.9999946516360309
609,13,3.423219281273483e-05,9000551A,0.9998467240806104
610,4,1.3028899188130666e-06,9002560A,0.8149329025017042
611,13,2.9587964223106026e-07,9002560A,0.18506709749829522
613,4,2.5576797528944226e-05,9000225A,1.0000000000000004
614,4,3.828859907325782e-05,9006644A,0.9999999999999997
615,4,0.0004740556964837082,9006652A,1.0000000000000002
616,4,0.0001710397889953337,9005520A,1.0000000000000002
617,4,0.00014351651430859235,9000253A,0.9999999999999997
618,4,0.0002199309444826688,9001090A,0.9999999999999998
619,4,0.00015906568151300104,9006656A,1.0000000000000002
620,4,1.7913960429903616e-05,9001893A,0.9999999999999998
621,4,0.00020366962963708527,9006666A,0.9999999999999988
622,4,0.00029865436236722496,9007985A,0.9957833275036121
625,4,2.4843332820382005e-05,9000064A,0.21264751513151944
626,12,9.198536750568029e-05,9000064A,0.7873524848684836
629,11,0.0015498473419900836,9003468A,0.9985195043460764
632,13,9.431587621788416e-05,9001759A,0.9991809334127316
634,13,7.869781021424394e-05,9002046A,0.9512825826826358
636,13,2.0284721647415962e-05,9000395B,0.9968727657250405
640,5,8.35310625351955e-08,0900033B,0.17248933801594324
641,5,1.7549885395395876e-05,9002262B,0.9999999999999989
642,5,5.375007072016014e-05,9002250A,1.0000000000000002
643,5,2.1451232629836627e-05,9007230A,0.9999999999999999
644,5,0.00014897039871108767,9000272A,0.6989202923038755
645,13,6.417321773769233e-05,9000272A,0.3010797076961163
646,5,8.643446313150433e-05,9001190A,1.0000000000000007
647,5,2.4671440671626026e-05,9002252A,0.9999999999999999
648,5,6.186819101358639e-05,9001249A,0.9993296004751089
650,5,9.028164960562102e-05,9001452A,0.9987834985796018
652,5,0.00011703943077166804,9001253B,0.9993393342181225
653,5,4.3783141097022674e-05,9001250A,1.0000000000000002
654,5,4.089669734443342e-05,9002287A,0.9847407214739317
656,5,8.198735015428325e-05,9001450A,0.9989908186220595
658,5,8.712671424568834e-08,0900014A,0.9516824330344479
659,5,0.00013547544517663172,9003077A,0.9999999999999986
660,5,0.00023515780530154658,9001332A,0.9992862864676489
661,5,5.139511042491247e-05,9003078B,1.0
662,5,8.973095756187824e-06,9001336A,1.0
663,5,1.6931933441682084e-05,9003552A,1.0000000000000009
664,5,4.935104692864343e-05,9001330A,0.9937628755311925
666,5,6.076297138682083e-05,9001360A,0.9999999999999998
667,5,4.166214804016237e-05,9001339A,0.9690408822874584
669,5,1.1136346603625747e-05,9000555A,1.0000000000000007
670,5,1.908854388761413e-06,9000701A,1.0
671,5,2.0541360002414383e-05,9001359A,0.9999999999999999
672,5,3.424787512717058e-06,9002602A,0.9987562275590476
674,5,3.511964166409907e-05,9002280A,1.0000000000000004
675,5,4.138805112231161e-05,9002279A,1.0000000000000002
677,10,3.3792199137123354e-05,9001492A,0.9965042930762571
679,10,5.0672500117913817e-05,9005319A,0.9997742641903632
681,10,5.919123699789427e-05,9002297B,0.9395646384412211
684,13,2.650235822421691e-05,9001625A,0.9996742451461408
686,10,4.4864977260216824e-05,9005321A,0.9979836104940395
688,10,7.465667307505452e-05,9001490A,0.9996430802470534
690,10,6.010898275386642e-05,9002362A,0.9999886382098061
692,10,5.972170115991051e-05,9001470A,0.9989432555045606
694,10,6.885777936821029e-05,9002839A,0.9981133880195361
695,5,9.989946721328091e-05,9001454A,0.9999999999999999
696,5,8.465006421385835e-05,9001257A,0.994065062007656
698,10,4.603382704903205e-05,9003763A,0.9989546827582736
703,5,5.432727172639323e-05,9001458A,0.9988880121716576
704,5,4.93322992861229e-05,9001461A,0.9965926166305138
706,11,3.105061627016606e-05,9001284A,0.9955390998464851
707,5,6.298497368904801e-05,9005299A,0.9990594938661963
710,5,5.733242775731951e-05,9002247A,0.999998988253767
712,5,3.554021985989753e-05,9007228B,0.9886460783612451
714,5,8.615142908294693e-05,9000006A,0.9999680748001485
716,5,0.00010869879034987865,9000567A,0.9996122562490953
717,5,5.816700644855174e-05,9001220C,1.0000000000000002
718,5,5.495196576954925e-05,9001279A,1.0000000000000002
719,5,4.3410599501357193e-05,9001271A,1.0000000000000009
720,5,4.300185696501513e-05,9001274A,0.9805817789486492
723,11,6.39517120552203e-05,9007385A,0.9963940410278576
724,5,5.433846744383203e-05,9001175A,0.9993085435955325
726,5,8.93730314163773e-05,9003036A,0.9892673003379663
728,5,0.00010303233356944051,9001472A,0.9991656205222808
730,5,2.1264290024217138e-05,9007367A,0.372926923731306
731,13,3.5755701483650544e-05,9007367A,0.6270730762685599
732,5,3.044922053899917e-05,9002373A,0.9852125899191336
733,5,3.761861474791563e-05,9002064A,0.9992747955595902
735,5,6.614544226926786e-05,9001525A,0.9545347229197543
737,5,4.829353785663264e-05,9001111A,0.9928400637412289
739,5,6.757750643275709e-05,9001522A,1.000000000000001
740,5,4.954998507885561e-05,9002890A,0.9999999999999996
741,5,5.812214364023331e-05,9003741A,0.9999667123986861
743,5,8.545956032926585e-05,9001467A,0.9999261177049142
745,5,1.4675973851951699e-05,9000544A,0.15903723356644925
746,13,7.75961250980752e-05,9000544A,0.8408759238442541
747,5,2.7165729693000083e-05,9001377A,0.9846317666650068
748,5,0.00012364785921171776,9002358A,1.0000000000000004
752,5,3.071894073012761e-05,9001984B,1.0
753,5,4.4783829360327954e-05,9000944B,1.0000000000000002
754,5,2.5442834851301474e-05,9001533A,1.0000000000000002
755,5,0.00023903521165133157,9001456A,0.9999999999999999
757,5,7.358535098986207e-05,9005424A,0.9999999999999992
758,5,2.7209134269390938e-05,9001983A,0.9999999999999996
761,5,6.872242791175436e-08,9000122A,0.9943853025868663
762,5,2.922122864721212e-05,9001444A,0.9805988830998015
763,5,3.2649548305861955e-05,9001480A,0.9999988503305814
764,5,6.120108839693825e-05,9003181A,1.0000000000000002
765,5,0.0006061659908934843,9001343C,0.9997903940303629
766,5,3.973512636231901e-05,9001608A,0.9999999999999998
767,5,2.939064083234497e-05,9002232A,0.9999999999999999
768,5,5.665226478755905e-05,9002271A,0.9999999999999998
769,5,6.422793061705974e-05,9002231A,1.0
770,5,5.356861842011618e-05,9001440A,0.9990638206517775
771,5,5.569840194898125e-05,9002270A,0.9981612112201682
772,5,0.0006597054968536612,9001352A,0.9956455774277231
774,5,8.72999869617521e-05,9002238A,0.9929578290630738
775,5,0.00010225593302547252,9002716A,0.9050382956506826
778,11,6.187892125342997e-05,9002368A,0.99781326187389
780,13,5.9386511232452825e-05,9001630A,0.9999933910728879
781,5,2.8048503758378656e-05,9001693A,0.9976363225689209
783,5,6.108174080904514e-05,9000884B,0.9966966974265937
787,13,7.260018312293026e-05,9001621A,0.9999979749927319
788,5,3.618545356687385e-05,9003036C,0.9844777632555433
791,10,3.1894035985907684e-05,9005315A,0.9965466200585309
793,10,3.0475361182605663e-05,9005313A,0.9997304562800464
795,10,3.8738312016581775e-05,9001711A,0.9976271974213844
797,10,3.4583609342845086e-05,9007221A,0.9957290240335553
799,11,0.00039296441741291184,9001361A,0.9989488827737314
801,11,0.00026169269353615505,9000267A,0.987930969343775
804,5,6.944052997876371e-05,9001433A,0.9960685434470671
805,5,5.2133241534364256e-05,9001430A,0.99676027703167
806,5,7.596536490302847e-05,9001436B,0.9997514440164688
807,5,5.057699539478497e-05,9001605A,0.7362199869748284
808,13,1.8121214772812007e-05,9001605A,0.2637800130251182
822,6,5.140571856814922e-05,9000184B,0.9999999999999998
823,6,5.143701681508908e-05,9000510A,0.9999999999999999
824,6,5.5667119316582006e-05,9000078A,0.9959574670419633
826,6,7.2306954250673e-05,9002281A,0.9999999999999998
827,6,6.23516666320797e-05,9000382A,0.9965798173271585
829,6,6.0508888602094654e-05,9000472A,1.0000000000000002
830,6,6.626458506331522e-05,9002754A,0.9986641741448536
832,6,0.00012875367692597318,9000457A,1.0000000000000002
833,6,5.840041201681505e-05,9000101A,1.0000000000000002
834,6,0.00011426397560011834,9000510B,0.9999999999999999
835,6,0.00013336000190524052,9000474A,1.0000000000000004
836,6,5.1119116380844655e-05,9000406B,1.0000000000000002
837,6,7.871568202719997e-05,9000381B,1.0000000000000002
838,6,6.323385452237739e-05,9000512C,0.9999999999999998
839,6,9.792547601819232e-05,9002894A,0.999270885661468
841,6,3.1544089556191044e-05,9000576A,0.9999999999999998
842,6,3.326768037212976e-05,9001064A,1.0000000000000002
843,6,6.390396837184742e-05,9004201A,1.0000000000000002
844,6,7.921890853367714e-05,9000465A,0.990727775142856
846,6,0.00020977395023934908,9000094B,1.0000000000000002
847,6,0.0001011144559352264,9000090A,0.9999999999999987
848,6,5.4474593170263275e-05,9000469A,0.9999999999999998
849,6,5.369230877468357e-05,9000386B,1.0000000000000002
850,6,5.382972004747042e-05,9000383A,0.9999999999999998
851,6,6.01369134304327e-05,9000097C,1.0000000000000007
852,6,0.0001344399778144329,9000148A,1.0000000000000002
853,6,8.587292398635334e-05,9000151A,0.9999999999999993
854,6,4.569647791069065e-05,9002321A,1.0000000000000002
855,6,4.4580033865334836e-05,9000404A,1.0000000000000002
856,6,0.00048296237782535957,9000197A,0.9997400304073112
858,6,6.908254914318652e-05,9000157A,1.0000000000000004
859,6,3.4211572405689735e-06,9000197D,0.9538913728417958
861,6,0.00012180718610559566,9005107A,1.0000000000000002
862,6,9.467148925217743e-05,9002131A,1.0000000000000002
863,6,8.401739613004008e-05,9000177A,0.9999999999999997
864,6,6.457236029180535e-05,9000408A,0.9999999999999996
865,6,6.981369487312572e-05,9000727A,0.9999999999999997
866,6,7.383483553935979e-05,9000805B,1.0000000000000004
867,6,6.81720062212528e-05,9004204A,0.9997679531862206
869,6,5.3290596056463985e-05,9005189A,1.0
870,6,7.13901104046676e-05,9000415A,1.0
871,6,6.929311574781033e-05,9000201A,0.9999999999999998
873,12,0.00010777448900740576,9006293A,0.9999964048160032
875,12,0.00014154695990653104,9006260A,0.9999252976952119
877,7,4.5278465744474606e-05,9000399A,0.9981973254990524
879,7,0.00012168840447648626,9000993A,0.9983795590526204
882,7,4.306556562031153e-05,9002314A,0.9988954798407775
886,12,0.00012983148804506425,9000073A,0.9965291720213152
888,12,0.00016923554219057968,9000417A,0.9999185502217657
889,6,7.932221289543895e-05,9000155B,0.9999999999999997
890,6,6.36446761230489e-05,9000159A,0.9999999999999996
891,6,0.00016154238242345982,9000160A,0.9999999999999997
892,6,9.173612831747986e-05,9000777B,0.9999999999999999
894,7,0.00014599856672468462,9002796A,0.9989590167433179
896,7,8.04711618580275e-05,9000467C,0.9994545791160925
898,7,0.0003138127971096672,9000232A,0.9995986154544515
900,7,0.00014584930335387566,9000167A,0.9992901806708382
902,7,8.151150160469188e-05,9000574A,0.9992547665217779
904,7,6.622327254578075e-05,9000396A,0.998978039228414
906,7,7.200610778748345e-05,9000391A,0.9999871603448688
907,6,0.00020601047593055214,9000836A,0.9957460839438911
909,6,0.00011122514653586143,9000424A,0.999559219064204
911,6,9.633180239151427e-05,9000436A,0.9999999999999991
912,6,7.890125525747607e-05,9000058A,0.999380608136223
914,7,0.00018875660092002792,9000046A,0.9999999999999996
915,7,0.00010366701144078237,9000036A,0.8906269455194192
916,12,1.2713186572001238e-05,9000036A,0.1092218861822579
922,12,8.58077823282332e-05,9000362A,0.9970663880490298
923,7,9.245333877400086e-07,9002902A,0.9993092805344357
924,7,5.165124167076202e-07,9002898A,0.9900102461900449
926,12,0.0007638411874038632,9003613A,0.9976071800725125
929,12,5.264762954546472e-06,9002694A,0.992708781678193
930,7,8.992886703783359e-05,9002269A,0.9997443305138516
933,12,8.776014607913097e-05,9002276B,0.9990872674442381
935,12,0.00018233277884015055,9000072A,0.998707441422095
937,7,0.000528348114096797,9002256A,0.9998679968740589
940,7,2.0753033276768405e-06,9000349D,0.23012875379572736
941,12,6.942706344939265e-06,9000349D,0.7698712462043301
942,7,1.857276185576635e-06,9002536A,0.21336483181791932
943,12,6.847420693249029e-06,9002536A,0.7866351681820646
944,7,8.005942561154086e-05,9006216A,1.0000000000000002
945,7,6.493463305778118e-05,9002398A,0.9999999999999998
946,7,9.933802895445e-05,9000324A,0.9999999912779902
947,7,0.00024991944633660703,9000027A,0.9968766485139845
948,7,0.0001179900262961087,9001065C,0.9968368043647265
949,7,9.580508301300423e-05,9000316A,0.9994922236728658
950,7,6.0774187261585915e-05,9002824A,0.9988685657685461
951,7,0.0005140580267156008,9000305A,0.9850125223123554
953,7,7.295261114787268e-05,9000344A,0.9999999999999997
954,7,8.432499162224939e-05,9000321A,0.9999999999999996
955,7,0.00010014681617271638,9000998B,0.9999833663121511
956,7,7.334025150862889e-05,9006214A,0.9966292550965863
957,7,0.00012751365866500218,9000134A,0.999704404081129
958,7,7.114308955331094e-05,9005635A,0.9999999999999994
959,7,0.00020996573618845227,9001700C,0.9989052573997821
960,7,8.001188969178188e-05,9007744A,1.0000000000000004
961,7,5.9908334104053915e-05,9000301A,1.0000000000000007
962,7,0.00041601408415416446,9000068A,1.0000000000000007
963,7,6.20761767870005e-05,9000379A,0.9999996181590238
965,7,4.505308937797405e-05,9005669A,0.9999999999999997
966,7,4.723872546884797e-05,9000113A,0.9997950861842092
967,7,0.00014287089056820465,9004212B,0.9990047241809724
968,7,7.974855783936212e-05,9000069B,1.0000000000000002
969,7,2.947888310753607e-05,9002903B,1.0
970,7,6.454486963346029e-05,9002897A,1.0000000000000002
971,7,6.083049743255776e-05,9000314A,0.9999999999999999
972,7,9.12781894427278e-05,9000325A,0.9991843418610914
973,7,0.00010357226224411099,9000300A,0.9999999999999999
974,7,0.00029206549441539983,9000163A,0.9995513605064356
976,7,0.00013113166837280297,9000374A,1.0
977,7,0.00010342498411613371,9000144A,0.9999999999999999
978,7,0.00010093408461160183,9000327A,0.9996472808360594
979,7,0.0002654975039123478,9000532A,0.9999123635666929
981,7,6.499856912137213e-05,9007735A,0.9999999999999998
982,7,0.00010981876551957435,9000331A,1.0000000000000004
983,7,0.00012731716389503941,9006209A,1.0000000000000002
984,7,8.215260404402824e-05,9000390A,1.0000000000000002
985,7,8.013564057915021e-05,9001077A,0.9990749596754673
986,7,6.132050736657288e-05,9005666A,1.0
987,7,0.00012408045133814298,9002888A,1.0000000000000004
988,7,8.53331071021859e-05,9007737A,0.9999999999999997
989,7,0.00019636782039454586,9000308B,0.9983303934309076
990,7,6.27540225052115e-05,9004225B,1.0000000000000002
991,7,0.00010637498132082662,9000009A,0.9999999999999999
992,7,8.15675183625037e-05,9008147A,0.9999999999999996
993,7,7.056638744435886e-05,9002730A,1.0000000000000009
994,7,0.00012953285088565086,9003606A,0.9999999999999996
996,12,0.00010225383181989211,9000223A,0.9998680632580891
998,12,0.00011809319440120897,9000340A,0.9981896551030703
999,7,0.00014027031191869832,9007311A,1.0000000000000009
1000,7,8.165335460353647e-05,9000656A,1.0000000000000009
1001,7,0.0005100990616839748,9000634A,0.9955349545010078
1002,7,0.00017123059174257516,9000021A,0.9993297297572061
1003,7,9.972687129282593e-05,9000632A,0.9999999999999998
1004,7,0.0004911543794824055,9000654A,0.999999999999998
1005,7,0.0004911899002807611,9005656A,0.9999999999999984
1006,7,5.981439528594042e-05,9000655A,1.0000000000000002
1007,7,0.0012293059871292514,9000640A,0.9879319709682453
1008,7,6.378370261663349e-05,9003374A,0.9999999999999993
1009,7,0.0007524315097333944,9005645A,0.9976881358055173
1010,7,9.602921576388564e-05,9000645B,0.9999999999999999
1011,7,8.346068175156678e-05,9000637A,1.0000000000000002
1012,7,0.00010512228622965296,9000641D,0.997100808433365
1013,7,0.0001134908868196347,9007313A,1.0000000000000002
1023,8,5.0232756811750357e-05,9000908B,0.9999999999999996
1024,8,4.9061891802235307e-05,9000948A,0.9742950267384461
1026,8,4.104033256233844e-05,9002136A,1.0000000000000002
1027,8,4.6900577869611735e-05,9002090A,0.9999999999999991
1028,8,8.586305810503749e-05,9002167A,1.0000000000000004
1029,8,7.849623971861326e-05,9002107A,0.9828003448376402
1031,8,4.412479513773557e-05,9000945B,1.0000000000000002
1032,8,6.178837810672583e-05,9002124A,0.9982737131837086
1033,8,6.240928293439651e-05,9002143A,1.0000000000000002
1034,8,4.894106820345515e-05,9002127A,0.9999999999999998
1035,8,7.251438858421615e-05,9002128A,0.9998778462444518
1036,8,6.264085632593538e-05,9002133A,0.9911568883656692
1038,8,4.824216461545161e-05,9002137A,1.0000000000000002
1039,8,4.3012342647255846e-05,9002087A,1.0000000000000007
1040,8,4.497267519535385e-05,9002086A,0.9990467919824302
1042,8,4.336518130257074e-05,9007166A,1.0000000000000002
1043,8,2.881095843824662e-05,9007168C,0.9999999999999999
1044,8,3.842692872033055e-05,9002129B,0.9999999999999997
1045,8,5.761413686749459e-05,9002556A,0.9998845416523193
1047,8,4.210695205703115e-05,9002135A,0.9992292270761006
1049,8,4.073919939796177e-05,9003969B,0.9983707183010757
1058,11,3.5643443593003854e-06,9001320B,0.9970728954293313
1061,8,5.106588072457172e-05,9002503A,0.9990807605251792
1062,8,6.166200288999183e-05,9000288A,1.0
1063,8,1.1771171915142203e-05,9002063B,0.9915549873281749
1065,8,5.73727077313951e-05,9002499A,0.9965706182032521
1066,8,4.5299932554031726e-05,9002491A,0.997780707226231
1068,8,3.742569672810859e-05,9001000A,0.9999999999999998
1070,10,3.0899821415597935e-06,9002557A,0.9973672542603238
1076,8,5.446822942693932e-05,9002494A,0.9999897307087444
1077,8,5.0802923372682215e-05,9003866A,0.9999999999999998
1078,8,5.381349459743907e-05,9003662A,1.0000000000000004
1079,8,4.977950339157464e-05,9000296C,0.9820729022147727
1081,8,4.6139465391991403e-05,9002572A,0.97584776490066
1083,8,4.531685951001539e-05,9001799A,1.0000000000000002
1084,8,4.239229769984938e-05,9002510A,0.9999999999999999
1087,10,5.259338980738616e-05,9001776B,0.9992024429776187
1089,10,5.672139418632264e-05,9002095A,0.9898187091302898
1091,10,0.00010817208259064367,9002334A,0.99867986049522
1093,10,5.484440328210251e-05,9004219A,0.9996492063441904
1095,10,5.668701400411942e-05,9001729A,0.9992745345127416
1097,10,3.125056563624514e-05,9001768A,0.9991557088679152
1099,10,2.13492403268461e-05,9002110A,0.999473442308061
1101,10,2.9165058321345355e-05,9002114A,0.9990561906196337
1103,10,4.3629977139040124e-05,9001769C,0.9992916972340957
1105,10,4.3449687222688814e-05,9002091A,0.998940418142244
1107,10,5.8526218039095705e-05,9002083A,0.9993413747384085
1109,10,7.111818725083183e-05,9002102A,0.9218826220997681
1111,10,2.417578657751955e-05,9002116A,0.9997612368788075
1112,8,5.6185852435737406e-05,9002504A,0.9982052736467969
1113,8,6.310008815754323e-05,9002505A,0.9999999999999993
1114,8,4.940525088362634e-05,9002558A,1.0000000000000002
1115,8,5.558939120276442e-05,9002568A,1.0000000000000004
1116,8,6.989426568703985e-05,9001159B,0.999863358836041
1118,8,5.7209759892155534e-05,9000294A,0.9938299476931345
1121,8,4.927164415598036e-05,9000295B,0.9845737790624737
1123,8,3.8304142984972764e-05,9002531A,0.9987769369940385
1125,8,4.991819655671612e-05,9002529B,0.9991493205856794
1127,8,5.210348424906547e-05,9001964A,0.9999999999999994
1128,8,6.130399643659085e-05,9002566A,0.994858842816475
1133,8,4.0079543803642294e-05,9000282B,0.9987288414525928
1134,8,6.714341582896222e-05,9000283A,0.9945635776892788
1135,8,4.893607727280713e-05,9005205A,1.0
1136,8,4.2694468542662224e-05,9002177A,1.0
1137,8,3.999091034753573e-05,9002157A,0.9956624893435319
1139,8,5.073931483547164e-05,9001762A,0.9999999999999994
1140,8,5.130596821500249e-05,9002214A,1.0000000000000002
1141,8,2.804677701095504e-05,9005484A,0.9966024828339634
1143,8,4.344558801518096e-05,9002166A,0.9999981396605421
1145,8,4.953837009280904e-05,9002485A,1.0000000000000002
1146,8,4.3605492604687205e-05,9002908A,0.9987076410835821
1148,15,5.6889433590586975e-05,9002583A,0.994837099844302
1150,15,6.588786899630492e-05,9002584A,0.9969885894841402
1151,8,5.203090817771795e-05,9002162C,1.0
1152,8,4.3578668436413684e-05,9002219B,1.0
1153,8,4.1412815234944976e-05,9000285A,1.0000000000000002
1154,8,4.070761134054699e-05,9001684B,0.9999999999999996
1155,8,3.59357799172129e-05,9002492A,1.0
1156,8,3.812485636564211e-05,9002481A,0.9970586943709159
1158,8,4.316192449069802e-05,9002482A,1.0000000000000007
1159,8,3.77064017452664e-05,9002153A,0.9972868456466077
1161,8,4.650108536313186e-05,9003240A,0.9999999999999992
1162,8,4.954135328483362e-05,9002178A,1.0000000000000002
1163,8,4.039197737458771e-05,9002073A,1.0000000000000002
1164,8,4.960478476897941e-05,9002489A,1.0000000000000002
1165,8,2.773656513998972e-05,9002454A,1.0000000000000004
1166,8,4.340990771832373e-05,9001024A,0.9932782823764513
1168,8,3.2461002818495064e-05,9002074C,0.9985166274408628
1170,8,3.3268952144401165e-05,9002451A,0.9973478663400911
1172,8,3.83306443913233e-05,9002156C,0.9982888414477624
1174,8,5.797991364716114e-05,9002212A,0.9999999999999999
1175,8,3.961270040080221e-05,9001026A,0.9982370203622386
1177,8,4.1889890664061463e-05,9001189B,0.9999999999999997
1178,8,4.7240990278824174e-05,9001974A,0.9996097249482104
1180,8,4.2103230423389035e-05,9001773A,0.9999999999999999
1181,8,4.667900813889616e-05,9002077A,0.9975036537774765
1183,8,4.1124599780411393e-05,9001747A,0.9999999999999997
1191,8,3.580950195249661e-05,9000290A,0.9978350175379055
1193,8,3.856631704674869e-05,9000289A,0.9972154438911419
1195,8,8.736170828473214e-07,9002449A,0.8697851543668106
1196,8,4.1237072398570807e-05,9001314A,0.9941031778994973
1198,8,3.005872522405668e-05,9002024A,0.9950084584447636
1201,9,4.739984334965529e-05,9002059A,0.983895926751219
1203,9,4.9365546598265516e-05,9002523A,0.988765589000324
1205,9,1.559023016468449e-05,9001957A,0.9999308825057952
1207,9,5.75700380926957e-05,9000824A,0.9999562147020356
1209,9,4.6239937726074574e-05,9002456A,0.9997268058698902
1211,9,5.257671530816625e-05,9002022A,0.9999624377588876
1218,14,3.8811557544585334e-05,9001348B,0.998660597251835
1220,14,0.00010703226193460866,9003951B,0.9993734587468768
1221,9,4.8597177208369976e-05,9002829A,0.9985114879500842
1223,9,3.478381786183727e-05,9000958A,0.99564201709431
1228,9,1.7024771333965048e-06,9002822A,0.976920594763391
1231,14,2.3933114188143752e-05,9002624A,0.9999930152844448
1232,9,4.44378085494448e-05,9001053A,1.0000000000000002
1233,9,9.797204927394795e-05,9001940D,0.9842495425174643
1235,9,8.846862877831837e-05,9002929A,0.9729908274211807
1236,9,4.6888975945926445e-05,9001991A,1.0
1237,9,3.776049465923849e-05,9001706D,0.9999999999999997
1238,9,3.8108951787071874e-05,9001987A,0.9999999999999998
1239,9,3.817361378779707e-05,9001980A,0.9999999999999997
1240,9,4.999995717559508e-05,9001993B,0.9964234113070622
1241,9,5.6269791339718e-05,9001548A,1.0000000000000002
1242,9,2.0213289938753132e-05,9000720C,1.0
1243,9,5.9489828822687124e-05,9001950A,1.0000000000000002
1244,9,2.8494692023082517e-05,9001130B,0.9965009409027553
1246,9,2.871084822891822e-06,9002761A,1.0000000000000002
1247,9,3.583072880525203e-05,9001003A,1.0000000000000007
1248,9,4.520301339509279e-05,9002042B,1.0
1249,9,4.557890830704151e-05,9001325A,0.9999999999999991
1250,9,4.775002400832894e-05,9001031A,0.9999999999999994
1251,9,5.1938377327777994e-05,9001081C,1.0000000000000004
1252,9,5.656506221427457e-05,9002033A,1.0
1253,9,4.794323474274733e-05,9001081A,0.9999999999999997
1254,9,5.7638710583915696e-05,9001997B,1.0
1255,9,4.9685024444521896e-05,9002050A,0.9999999999999998
1256,9,4.05170186159922e-05,9002010A,1.0000000000000004
1257,9,4.789501469205373e-05,9002043A,1.0
1258,9,4.596810855468911e-05,9001966A,0.9999999999999997
1259,9,5.547113852181857e-05,9001563B,1.0000000000000002
1260,9,3.712947891365589e-05,9002005A,0.9999999999999998
1261,9,5.6662697778449375e-05,9001712B,0.9999999999999997
1262,9,0.000169479302522553,9002039A,1.0
1263,9,4.7531670521282774e-05,9002344A,0.9999999999999997
1264,9,5.146161353772236e-05,9002027A,1.0
1265,9,5.390553465194165e-05,9000985A,1.0
1266,9,6.334857333979401e-05,9002521A,1.0
1267,9,4.0658952950425347e-05,9002047A,0.9999999999999997
1268,9,4.351735655806643e-05,9002673A,1.0000000000000002
1269,9,4.715442454213759e-05,9002525A,1.0000000000000002
1270,9,4.8264003882542885e-05,9000623A,0.9999999999999999
1271,9,5.944941255985011e-05,9001941A,1.0
1272,9,5.7637870932813746e-05,9000280C,0.9999999999999998
1273,9,6.748436832266026e-05,9001453A,0.9768452662925579
1275,9,4.158470619264375e-05,9001943A,0.9999999999999999
1276,9,6.10530356739677e-05,9001932B,0.9988652490718859
1278,9,4.17412586264323e-05,9002471A,1.0
1279,9,3.0184893054237865e-05,9002020D,1.0
1280,9,0.00017352546794826277,9001958A,1.0000000000000002
1281,9,4.0632068791435405e-05,9002020A,0.9999999999999997
1282,9,3.1504792906015194e-05,9001583B,1.0000000000000002
1283,9,4.12988595300712e-05,9002465A,1.0
1284,9,4.026308243681309e-05,9001719A,1.0000000000000004
1285,9,3.9566557747098886e-05,9002472A,1.0000000000000004
1286,9,3.0447569493866407e-05,9001961A,1.0000000000000002
1287,9,4.637545012889795e-05,9002461A,0.9999999999999999
1288,9,4.1541040006198205e-05,9001582C,0.9999999999999996
1289,10,3.8909949946569075e-05,9001721A,0.9999999999999994
1290,10,4.333857599313001e-05,9001720A,0.9999999999999999
1291,10,2.2681356352500173e-05,9001814A,0.9997824445452898
1293,10,7.052613616217518e-06,9000476A,0.1940780867535231
1294,13,2.9286438021148016e-05,9000476A,0.8059219132464578
1295,10,2.9656807318374727e-05,9002017A,0.9949746528334502
1297,10,1.9265691223872197e-05,9002113A,0.9999999999999994
1298,10,4.4894052348714137e-05,9002339A,1.0000000000000002
1299,10,4.8269092190195454e-05,9000650C,1.0000000000000002
1300,10,9.083408554431521e-05,9007349A,0.9982022865389407
1301,10,3.636328130393751e-05,9002322B,1.0000000000000004
1302,10,7.281388249687425e-05,9002302A,0.9990245372693944
1303,10,5.141653720925863e-05,9001786A,0.9999999999999999
1304,10,4.139579840782059e-05,9001732A,1.0000000000000002
1305,10,5.1965191162130824e-05,9002323B,0.9999999999999998
1306,10,7.72796442962349e-05,9002343A,0.9915883228661749
1307,10,2.9183506902406912e-05,9002097A,1.0
1309,13,4.828611031805856e-05,9001541A,0.9007186987041947
1310,10,5.591787441270499e-05,9005316B,1.0
1311,10,8.496632190586439e-05,9002193A,0.9920887840303706
1312,10,4.5931127573762946e-05,9002357A,0.9999999999999997
1313,10,5.340539028824236e-05,9002356A,0.9999999999999999
1314,10,4.886124136626951e-05,9002345A,1.0000000000000009
1315,10,7.47995651245069e-05,9001770A,0.9999999999999994
1316,10,6.835583061977697e-05,9002363A,0.9986410309430674
1317,10,4.437699826056216e-05,9002340A,1.0
1318,10,6.117989923089509e-05,9001716A,1.0000000000000002
1319,10,5.766527846858909e-05,9001787A,1.0
1320,10,5.1248691478859355e-05,9001783A,1.0000000000000002
1321,10,3.514418025008002e-05,9001765A,1.0000000000000004
1322,10,3.9505305526767564e-05,9005494B,1.0
1323,10,4.867146304252065e-05,9001784A,0.9999999999999996
1324,10,7.317631591715567e-05,9002068A,1.0000000000000004
1325,10,5.161386422755949e-05,9002330A,1.0000000000000002
1326,10,4.579679665453268e-05,9002190A,0.9999999999999992
1327,10,2.1300181957432373e-05,9000999A,1.0
1328,10,2.2751295258761647e-05,9003184A,1.0000000000000002
1329,10,4.2007864934749e-05,9001617A,1.0000000000000002
1330,10,7.483298001520644e-05,9007226B,1.0000000000000002
1331,10,5.317719687731399e-05,9005503A,1.0000000000000002
1332,10,3.4870653720084057e-05,9000989A,1.0000000000000004
1333,10,4.8581671300055306e-05,9001631A,0.9969678424296653
1335,10,5.393993933719222e-05,9002306A,0.9999999999999998
1336,10,4.5329363039650675e-05,9002007A,1.0000000000000004
1337,10,2.0824458174264264e-05,9001543A,0.9995699881114266
1339,10,2.5278765596725103e-05,9001008A,0.9999999999999996
1340,10,1.8084084574623324e-05,9002108A,1.0000000000000002
1341,10,3.414541372959319e-05,9001668A,1.0000000000000002
1342,10,3.644374878756586e-05,9001632B,1.0000000000000002
1344,13,1.6808758763945323e-05,9000049A,0.9988626853404949
1346,13,3.160947032322113e-05,9002158A,0.9978181919153508
1348,13,6.7083029127320594e-06,9001628A,0.9937791870534897
1349,10,2.2248724179027104e-06,9000050A,0.9936874425447133
1363,11,3.614200448560343e-06,9002739A,0.9999999999999998
1364,11,3.85878184626695e-05,9002182A,0.9909725223429022
1365,11,2.976088392032583e-05,9002181A,0.9574251318947512
1366,11,5.867878936640048e-05,9003406A,1.0000000000000004
1367,11,4.347484887184599e-05,9005934A,0.9951025126689006
1368,11,7.46399692515621e-05,9001558A,1.0000000000000007
1369,11,5.223393885787593e-05,9002397A,0.9994756735205019
1370,11,6.743130613775463e-05,9001489C,1.0000000000000004
1371,11,9.027580143037222e-05,9002409A,0.9899949940272345
1372,11,9.263090786129628e-05,9000449A,0.9963300638771114
1373,11,5.173046466169399e-05,9000451A,0.9979071188673824
1374,11,3.969871034156272e-05,9000286A,0.9993524301798767
1375,11,2.467069901383976e-08,9002879A,0.8018640418288642
1379,11,4.638719467021647e-05,9005818A,0.998646301299983
1380,11,2.8857392119576252e-05,9007388A,0.9999999999999998
1381,11,8.560461919623983e-05,9007382A,0.9999999999999993
1382,11,2.4143586910934653e-05,9001296A,1.0000000000000002
1383,11,0.000162767537688383,9000039A,0.9923930906971249
1384,11,3.907709266865098e-05,9005816A,1.0000000000000004
1385,11,2.739254178395815e-05,9001303A,1.0
1386,11,5.702291363079491e-05,9005936A,1.0
1387,11,4.0467750496367205e-05,9002392A,0.9986642767591277
1392,11,1.2010510533151575e-06,9000626A,1.0000000000000002
1393,11,2.273573775348486e-05,9001281C,1.0
1394,11,2.479607498097541e-05,9002395A,1.0
1395,11,4.822441849120598e-05,9002394A,0.9999999999999996
1396,11,3.509118066410251e-05,9002405A,0.9905132201617971
1406,11,4.963214902432186e-05,9002863A,0.9998519600349862
1407,11,4.187101655636088e-05,9003235A,1.0000000000000009
1408,11,7.35705439136649e-05,9003202A,0.9999999999999997
1409,11,8.478587774220318e-05,9001516A,0.9834229989572119
1410,11,9.241499389833114e-05,9001514A,1.0000000000000002
1411,11,6.0657744474461284e-05,9001547A,0.9999999999999998
1412,11,4.8428185612313725e-05,9001542A,0.9994032623792257
1413,11,5.522547794074355e-05,9001244A,0.9905100928379442
1414,11,9.616363215653196e-05,9001557A,0.9999452204306885
1415,11,2.1264727698906465e-05,9001320A,0.9838553335995915
1416,11,8.839017010851206e-05,9002917A,0.9999999999999999
1417,11,9.529246509504178e-05,9003197A,0.9836169870038229
1418,11,5.7672307960997265e-05,9001243A,0.9999933223305064
1419,11,8.770984632395701e-05,9001553B,0.9940950909091413
1420,11,6.630064331789148e-05,9001569A,1.0
1421,11,2.5483547833101196e-05,9002378A,0.9877930124062249
1422,11,5.5208577424238866e-05,9001165A,0.9943229116128866
1423,11,7.010115998579318e-05,9002921A,0.9999999999999994
1424,11,6.975100146362797e-05,9001564A,0.9999999999999996
1425,11,4.146893712558795e-05,9001137A,0.9903061590351572
1426,11,7.281614026880177e-05,9002913A,0.9902368464917968
1427,11,6.359040769077797e-05,9001566A,1.0
1428,11,3.703642099222134e-05,9002417A,0.9999999999999998
1429,11,0.0014559859223907555,9002421A,0.9994195201700655
1430,11,9.972235240770785e-05,9001876A,1.0000000000000002
1431,11,2.3138153539784478e-05,9006344A,0.9999999999999999
1432,11,3.0112112503355918e-05,9002424A,0.9999999999999993
1435,11,0.00033110934507439034,9007697A,1.0000000000000002
1436,11,0.0002761175235928397,9001367B,0.9940626633204049
1437,11,0.00020891756108212944,9005925A,1.0000000000000002
1438,11,0.00010422747301489633,9005833A,0.9998411180149833
1439,11,0.00023655907768941196,9007689A,0.9987696542528683
1440,11,3.417469023081515e-05,9005827A,1.0
1441,11,2.7922193560011245e-05,9002766A,0.9706677715726363
1442,11,0.0001387139554723862,9001307A,1.0000000000000004
1443,11,0.0005522514783082476,9005927A,1.0
1444,11,0.00026305322986443593,9001382A,1.0000000000000002
1445,11,2.7674863056669598e-05,9001318A,0.9897785345325242
1446,11,0.00027481019390747217,9005918A,0.9979701655261202
1447,11,5.601923842658678e-05,9001316A,0.9976915686466796
1448,11,0.0005894215838299157,9001355A,0.9999999999999989
1449,11,0.0001769788503440065,9005931A,0.9965543399266256
1450,11,0.00016574168031601848,9001379A,0.9999965083007619
1451,11,0.0005430940420276803,9002415A,0.9973023657884569
1456,11,3.57976918078851e-05,9001554A,1.0
1458,11,0.0001598430464226059,9002443A,0.9987487894699837
1459,11,0.00014761187601777903,9002433A,0.999984994004837
1460,11,2.823920840901917e-06,9000020A,0.9503195447997659
1461,11,8.500685269519762e-05,9001718A,1.0000000000000002
1462,11,0.00012823011091405142,9000452B,1.0000000000000004
1463,11,0.00010457458831127451,9002430A,0.9999999999999998
1464,11,8.840912542007922e-05,9000004A,0.9999999999999989
1465,11,8.249214533831996e-05,9002186A,0.9993804982693072
1466,11,3.4281196026535606e-05,9001321A,0.9999966591972946
1467,11,0.0001243547521447557,9001395A,0.9999999999999989
1468,11,0.00010137921761583532,9002189B,1.0000000000000002
1469,11,9.439252546267946e-05,9002562A,1.0
1470,11,0.00019278648827253633,9002199A,0.9829512711333815
1471,12,0.00020547463039042482,9006241C,1.0000000000000004
1472,12,0.0008635681793002346,9006239A,1.0000000000000016
1473,12,0.00039762580484692985,9006232A,1.0000000000000009
1474,12,5.922355894203356e-05,9007794A,0.9999999999999999
1475,12,7.049387684802408e-05,9001276B,0.9999999999999998
1476,12,8.968840572298747e-05,9007790B,0.9999999999999997
1477,12,0.00017953445019620876,9006253A,1.0000000000000002
1478,12,0.00011223193973433515,9000342B,1.0000000000000007
1479,12,0.0001059960946759574,9006258A,0.9999999999999999
1480,12,9.442305539241053e-05,9000343C,1.0000000000000002
1481,12,7.114263868340142e-05,9001805A,1.0
1482,12,0.00019128191578681952,9007774B,0.9999999999999999
1483,12,1.244236378512421e-06,9006293G,1.0
1484,12,6.879013122690949e-05,9000352A,0.9999999999999984
1485,12,8.036430789206774e-05,9007803A,0.9999999999999994
1486,12,0.00013845579138456717,9003626A,1.0000000000000002
1487,12,0.00014261138738202428,9007847A,1.0000000000000007
1488,12,0.00011349710582417259,9000559A,1.0
1489,12,0.00018929580579293658,9007807A,0.9999999999999996
1490,12,0.00019027759383269464,9006277A,0.9999999999999999
1491,12,2.731118639289211e-05,9006276B,0.9999999999999998
1492,12,1.6788822497289313e-08,9002541A,1.0
1493,12,0.0002220179960739208,9006246A,0.9999990335904317
1494,12,0.00019113481646173546,9000350A,0.9997082236323656
1495,12,0.00010490134141056708,9006247A,0.9999999999999992
1496,12,1.988766897474465e-07,9001744A,0.7749514883828978
1497,12,0.00023717452472916186,9006251A,0.9999187730947074
1498,12,0.00014881244691991924,9007785A,1.0000000000000009
1499,12,0.00011069215682544971,9003614A,1.0000000000000004
1500,12,0.00012637728362208572,9000334A,0.9999999999999991
1501,12,0.0001269015695091172,9006274A,1.0
1502,12,0.00011696265743264669,9004210A,0.9999999999999998
1504,12,1.892018409827013e-05,9000624C,1.0000000000000004
1505,12,9.51752849122517e-06,9002622A,1.0000000000000004
1506,12,4.247114965740346e-07,9002579A,1.0
1507,12,5.264738391642701e-06,9002679A,1.0000000000000002
1508,12,0.0001346612358443056,9003465A,0.98756641625371
1509,12,0.00011219560174788453,9000364A,1.0000000000000007
1510,12,0.00010865585939659852,9000082C,0.9999999999999992
1511,12,0.00017396762136736598,9000158A,0.9999999999999992
1512,12,9.066429855408042e-05,9000628A,1.0000000000000007
1513,12,0.0002629956773738217,9000176A,1.0
1514,12,0.00027879872290868324,9000033A,0.9982317181375572
1515,12,0.00012964534140140778,9004217A,1.0
1516,12,8.40847737155045e-05,9000025A,1.0000000000000016
1517,12,5.895925093344692e-05,9000912A,1.0000000000000002
1518,12,0.00013704142754196948,9000030A,0.9999999999999998
1519,12,0.00010902929520694959,9000270A,0.9999999999999999
1520,12,9.184954454663445e-05,9006406A,1.0
1521,12,7.998763869436236e-05,9000071A,1.0000000000000002
1522,12,0.00013997835232359298,9007857B,1.0000000000000002
1523,12,0.00013165569572681668,9006453A,0.999999999999999
1524,12,0.00013185683789681998,9007927A,0.9993471541752642
1525,12,0.0001194338110183843,9007843C,1.0000000000000007
1527,12,0.00010005450941945002,9004123A,0.9999999999999996
1528,12,0.0007048583103321806,9000315A,0.9943373265978646
1529,12,0.0002075709392695352,9002968A,1.0000000000000002
1530,12,0.0001730408347622837,9007833A,0.9999999999999997
1531,12,0.00011312722343374574,9000104A,0.9999999999999991
1532,12,0.00041331967002421573,9007782A,0.9999989913153003
1533,12,0.00018944290960148444,9000728A,1.0000000000000047
1534,12,0.0003821216166516228,9000024A,1.0000000000000013
1535,12,0.00012176730095301609,9000017A,0.9999999999999999
1536,12,0.00017582789431209875,9002828B,1.0000000000000007
1537,12,0.00020908996704679144,9000023A,1.0000000000000002
1539,13,1.3914364792833435e-05,9000608A,1.0
1540,13,4.9749753618985576e-05,9001838A,1.0000000000000002
1541,13,2.7675936108248245e-05,9000903A,0.9999999999999999
1542,13,4.3027537675843654e-05,9001509C,1.0000000000000002
1543,13,1.8261576325707942e-05,9002643A,0.9999999999999991
1544,13,4.061604887835265e-05,9001798A,1.0000000000000002
1545,13,3.808569682793098e-05,9000731A,1.0000000000000004
1546,13,5.383335296806324e-05,9001702A,1.0000000000000002
1547,13,5.35177174950647e-05,9000600A,0.9999999999999993
1548,13,5.5975094151227096e-05,9000759A,0.9988652843492327
1549,13,1.288269925050025e-05,9002629A,0.9999999999999998
1550,13,5.010736099264181e-05,9000051A,1.0000000000000007
1551,13,2.6415109055558174e-05,9000610A,1.0
1552,13,2.5444218419783466e-05,9001600A,1.0000000000000002
1553,13,3.298858338990108e-05,9001428A,0.9788270280692397
1556,13,5.8194887620653064e-05,9000664B,1.0000000000000002
1557,13,4.599434725187137e-05,9000504E,1.0000000000000002
1558,13,4.258213490167324e-05,9000426A,1.0000000000000004
1559,13,3.574080441672508e-05,9001844A,1.0
1560,13,8.112450352322236e-05,9000682A,1.0000000000000002
1561,13,4.2302079466986725e-05,9003988A,1.0
1562,13,6.298311095261612e-05,9000969A,0.9999999999999998
1563,13,2.3929152626711702e-05,9000871F,0.9999999999999994
1564,13,5.0120486608137805e-05,9006098C,1.0
1565,13,3.947609694082699e-05,9002780A,1.0000000000000002
1566,13,6.750239903384395e-05,9001735A,1.0000000000000004
1567,13,0.0001017695083147374,9006302A,0.9999999999999992
1568,13,5.076670211604157e-05,9000679C,1.0000000000000002
1569,13,2.8476256504746998e-05,9000947A,1.0000000000000002
1570,13,3.858931332548508e-05,9000851A,1.0000000000000004
1571,13,3.5488041022291334e-05,9000966B,1.0000000000000007
1572,13,2.8299220078445025e-05,9000844A,0.9999999999999998
1573,13,2.890165696486512e-05,9001796B,0.9999999999999993
1574,13,5.361504692328393e-05,9001232A,1.0
1575,13,4.488388727111398e-05,9000750A,1.0000000000000007
1576,13,3.570429597946632e-05,9000894A,1.0
1577,13,2.576190969163099e-05,9000723A,1.0000000000000002
1578,13,3.0265889753255478e-05,9000964A,0.9999999999999998
1579,13,3.301092456566692e-05,9000485A,0.9999999999999998
1580,13,2.6665237735051476e-05,9000495A,0.9999999999999998
1581,13,4.7703949175621145e-05,9000601A,1.0000000000000002
1582,13,1.3532748819270715e-05,9000550B,1.0000000000000002
1583,13,1.565621799875066e-05,9002631A,1.0000000000000002
1584,13,2.623157483691914e-05,9001804C,0.9999999999999999
1585,13,3.39849476371342e-07,9002464A,0.9999999999999999
1594,14,3.2555195674014876e-05,9005022A,0.9999999999999993
1595,14,3.856331494485269e-05,9007015A,1.0000000000000004
1596,14,7.540791078271174e-06,9000493A,0.9999999999999999
1597,14,2.4880416460501998e-05,9000501A,0.9999999999999999
1598,14,5.7741184377764136e-05,9001236A,1.0
1599,14,5.8838412682849964e-05,9002159A,1.0000000000000002
1600,14,0.00011740929355909095,9000766A,0.9999283418584959
1601,14,0.00012930551606109232,9000913D,0.984600166383768
1602,14,7.543961839656527e-05,9000800A,0.9999999999999991
1603,14,0.00014999403347697111,9000589A,0.9972508807059267
1604,14,0.00010673456915762928,9000916A,0.9989283741012779
1605,14,8.702183931955878e-05,9000788A,0.9986339771456945
1606,14,7.023688608482313e-05,9006320C,0.9999999999999992
1607,14,0.00010423413286669283,9002881A,1.0000000000000004
1608,14,7.922513516165288e-05,9000774B,0.9999999999999997
1609,14,5.426561253838325e-05,9000438A,0.9966512129371409
1610,14,7.334017267317884e-05,9000779A,0.9993632253587628
1611,14,0.00016322074439632065,9000760A,0.9996054696316474
1612,14,8.92480021156238e-05,9000323A,1.0000000000000004
1613,14,5.882737746127819e-05,9000055A,1.0000000000000002
1614,14,8.27296255289192e-05,9000536A,0.9999999999999997
1615,14,0.00013741663821710732,9006335A,0.9986616514159509
1616,14,9.348240103828831e-05,9000249A,1.0000000000000002
1617,14,6.585960996337139e-05,9000595A,0.9989640153221863
1618,14,5.854357757551188e-05,9000437A,0.9984788009468796
1620,14,2.042781767193567e-05,9002768A,1.0000000000000002
1621,14,2.937503156550415e-05,9001930A,0.9999999999999994
1634,14,3.821796642349775e-05,9001407B,0.9999999999999997
1635,14,0.00023155413913358096,9003886A,1.0000000000000002
1636,14,4.615833282662368e-07,9001372A,1.0000000000000004
1637,14,4.463830709930561e-06,9003923A,1.0
1638,14,3.615808805095735e-05,9002094A,1.0000000000000004
1639,14,5.38413885181275e-05,9000904A,1.0000000000000002
1640,14,9.011956685521497e-05,9000900A,0.9999999999999996
1641,14,7.96048342491493e-05,9002353A,1.0
1642,14,5.010934472890568e-05,9000902C,1.0000000000000009
1643,14,3.699933754806559e-05,9000244A,0.9973482821151856
1644,14,0.00010486323545037425,9000892A,0.9999999999999998
1645,14,0.00014944661297597382,9000907A,0.9997003286076144
1646,14,4.940249106632615e-05,9001353A,1.0000000000000007
1649,14,7.963795370038695e-07,9002880A,0.9840203080118877
1653,14,1.398948049949202e-07,9001910F,0.883127299242141
1654,14,3.15644307996261e-07,9002767A,1.0
1655,14,9.422274916488286e-05,9001859A,0.9999999999999997
1656,14,3.553647691517973e-05,9001469A,0.9999999999999998
1657,14,0.0004083631303129154,9001910A,0.9920591412683722
1658,14,3.928668019051267e-05,9000038C,0.9999999999999998
1659,14,6.663909098395982e-05,9000585A,1.0000000000000007
1660,14,0.00010257546552427806,9001890A,1.0000000000000004
1661,14,5.8897122702988424e-05,9002099A,0.9999999999999994
1662,14,5.54533358183415e-05,9001911A,1.0000000000000002
1663,14,7.450672410849026e-05,9001851A,0.9994547392762417
1664,14,0.00025053068113552217,9001862A,0.9999999999999989
1665,14,6.213837268607805e-05,9000273A,1.0
1666,14,3.791588940374603e-05,9007114A,1.0000000000000002
1667,14,4.504425885630253e-05,9001895A,0.9999999999999999
1668,14,4.2805632465163345e-05,9001855A,1.000000000000001
1669,14,0.00012926687131539538,9000502B,1.0000000000000002
1670,14,6.223090379545787e-05,9003309A,0.9982616834581025
1671,14,4.3581701866547115e-05,9002719D,0.9972463644656607
1672,14,5.7596986792408456e-05,9000584A,0.9917971713264984
1673,14,3.664435811982866e-05,9001854A,0.9981485669184648
1674,14,6.167452317334568e-05,9000275A,1.0000000000000007
1675,14,0.00010021219972014551,9001410A,1.0000000000000002
1678,15,0.0001788052335423248,9006354A,0.9992983105117241
1679,15,9.323633484746768e-05,9006361B,0.994238924968304
1682,15,0.0005650091930266863,9006348A,0.9980591751737105
1683,15,7.31957015158995e-05,9004215A,1.0000000000000004
1684,15,5.145834959225956e-05,9000545A,0.9984661910829937
1685,15,3.493389133356003e-05,9002588B,0.9946322395809595
1686,15,4.569064417568037e-05,9002587A,0.9985711946505298
1698,15,8.847762374328882e-05,9007619B,0.9993364394373182
1701,15,6.16299243898086e-05,9007628A,0.9984443703282269
1702,15,0.00015060939479176618,9006398A,0.9998067278946444
1705,15,8.071012431140853e-05,9003458A,0.98547545055965
1706,15,0.0001573668554686772,9001479A,0.28413832489939017
1707,15,3.818776075859196e-05,9002662A,1.0
1708,15,3.346770216723495e-05,9002667B,0.9999999999999994
1709,15,0.001561739468287842,9004233A,0.6356762827648412
1712,15,5.00061531001736e-05,9000427A,0.9999999999999998
1713,15,5.391786197986863e-05,9006387A,0.9816809489475621
1714,15,4.538921290164644e-05,9001405A,1.0000000000000002
1715,15,4.652246198430853e-05,9002650A,0.9963468103532485
1717,15,4.208668728520114e-05,9002668A,0.9999999999999999
1718,15,3.427591390276607e-05,9002669A,0.9999999999999998
1719,15,9.642154016136495e-05,9006359A,0.9969614556568684
1720,15,7.735469385803673e-05,9006388A,0.9999999999999991
1721,15,5.479084467246763e-05,9002657A,0.9964425901918028
1722,15,6.800397501800846e-05,9006392A,0.9999999999999996
1723,15,0.0002169518919042181,9002688A,0.9996266292580356
1724,15,0.00014643344202543807,9001487A,0.9998057072801657
1726,15,3.735113688777386e-07,5530009A,0.9940030104238358
1728,15,1.563353045975867e-05,9000108A,0.9730876829175911
1729,15,1.228099250533933e-07,5530003A,0.9532267043779858
1732,15,5.9250883934304946e-05,9001727A,1.0
1733,15,4.445715699800972e-05,9001434A,0.9999999934988283
1736,15,2.0059585360508124e-05,9000447A,0.9803135027540272
1739,15,8.285079683107295e-05,9000571A,0.9998873824709579
1740,15,9.363945162751864e-05,9005045A,0.9889568097624261
1741,15,8.892040196792754e-05,9006368A,0.99999894890052
1743,15,9.302802942427453e-05,9002425A,0.9920655740612092
1744,15,9.981308318077333e-05,9000341A,0.9999531284509088
1747,15,0.0001510017133083929,9002910A,0.9986122854673927
1748,15,0.00010123828100032664,9001728A,0.995362235040683
1749,15,0.00010076388827492276,9002594A,0.9997341066448772
1750,15,0.00021793868269456233,9005284A,0.9986721699369072
1755,15,2.525592344718988e-06,9002702A,0.9990869594707736
1756,15,3.661545303212782e-05,9002555B,1.0000000000000004
1757,15,3.077065830587426e-05,9002549A,1.0000000000000004
1758,15,2.9711741262775578e-05,9001780A,0.9999999999999999
1759,15,4.670200112480244e-05,9002534A,1.0000000000000002
1760,15,6.079849893811616e-05,9002544A,0.9931074982768897
1761,15,3.924252894948474e-05,9001117A,1.0000000000000002
1762,15,3.699536005457877e-05,9002537A,1.0000000000000002
1763,15,3.3228626201042884e-05,9002540A,1.0000000000000013
1764,15,5.026385715859137e-07,9001853A,0.9789364965999899
1765,15,4.410920783168524e-05,9001587A,0.9999999999999999
1766,15,3.407943417249054e-05,9001138A,0.9976624912684375
1767,15,2.9793105591653413e-05,9002551A,1.0
1768,15,3.9100983045026514e-05,9001188A,0.9988194041808636
1769,15,4.5815690135820095e-05,9001042A,1.0
1774,15,0.0002970632905178553,9001473A,0.9832145139999231
1778,15,4.982990030373583e-05,9001246A,1.0000000000000002
1779,15,4.1842845500662653e-07,9000622A,0.6646871015659015
1780,15,7.027320256534066e-05,9003663A,0.9985604805923477
1781,15,6.925239116415893e-05,9002616A,0.9842302863280464
1782,15,0.00039681086045497484,9002633A,0.9601649118408377
1783,15,0.00010136319864083029,9008296A,0.9999999999999996
1784,15,0.00011702352523583325,9000953A,0.9969261127273914
1785,15,3.437481180493946e-05,9001602B,0.9999999999999998
1786,15,3.7120296712893964e-05,9002630A,0.9730708226284256
1787,15,4.7077503203202465e-05,9002618A,0.9999999999999997
1788,15,0.00018520233192474228,9002636A,0.9999999999999996
1789,15,4.884356939057297e-05,9001384A,1.0
1790,15,3.930693832526667e-05,9000995A,0.9999999999999997
1791,15,7.047395681020308e-05,9000994A,0.9999999999999998
1792,15,7.60033871495502e-05,9002621A,1.0
1793,15,4.9424875505920006e-05,9002620B,0.9999999999999999
1794,15,0.00012403029231299864,9003742A,0.9995395194839068
1798,15,6.69494801709555e-05,9000726A,0.9844362666681832
1799,15,7.71352611029562e-05,9003899A,0.9953617535330693
1800,15,7.927409762724278e-05,9001005A,0.9902825052613169
1801,15,6.733592210835945e-05,9006376A,0.9995840658022153
