Precinct,JULIÁN CASTRO,MICHAEL A. ELLINGER,ELIZABETH WARREN,MARIANNE WILLIAMSON,ANDREW YANG,"ROQUE ""ROCKY"" DE LA FUENTE III",JOHN K. DELANEY,AMY KLOBUCHAR,BERNIE SANDERS,JOE SESTAK,TOM STEYER,DEVAL PATRICK,MICHAEL BENNET,MICHAEL R. BLOOMBERG,MOSIE BOYD,CORY BOOKER,PETE BUTTIGIEG,JOSEPH R. BIDEN,TULSI GABBARD,MARK STEWART GREENSTEIN,Write-in
0011267,0,0,38,0,4,0,0,17,129,0,4,0,0,32,0,1,25,98,6,0,0
0011397,0,0,2,0,0,0,0,0,13,0,0,0,0,0,0,0,0,10,0,0,0
0011648,0,0,0,0,0,0,0,0,1,0,0,0,0,0,0,0,0,0,0,0,0
0011974,0,0,43,1,2,0,0,4,133,0,5,0,0,20,0,0,24,91,2,0,0
0012669,1,0,66,0,0,1,0,35,66,0,22,0,1,163,2,0,72,275,3,0,0
0012681,0,0,47,0,1,0,1,15,88,0,15,1,1,67,0,2,33,179,1,0,0
0012702,0,0,54,1,4,0,0,8,194,1,3,0,0,29,0,0,18,102,0,0,0
0012733,0,0,75,0,8,0,0,5,176,2,6,0,1,49,0,0,21,166,1,0,0
0012747,0,0,87,1,4,0,1,18,151,0,6,0,0,45,0,1,35,166,0,0,0
0012786,1,0,82,0,7,0,1,4,179,0,10,0,1,47,0,0,31,168,3,0,0
0012807,0,0,35,0,1,0,0,4,102,0,6,0,0,35,0,0,12,98,2,0,0
0012884,0,0,36,0,4,1,0,9,161,0,5,0,0,37,0,1,18,154,2,0,0
0012943,0,0,0,0,0,0,0,0,0,0,0,0,0,0,0,0,0,0,0,0,0
0012988,0,0,6,0,1,0,0,0,36,0,2,0,0,8,0,0,2,31,1,0,0
0013032,0,0,25,2,3,1,0,8,73,0,13,0,0,38,0,1,11,63,5,0,0
0013210,1,0,11,0,0,0,0,4,52,1,17,0,0,29,0,0,17,55,0,0,0
0013360,0,0,16,0,1,0,0,11,109,0,13,0,0,30,0,0,17,86,2,0,0
0013424,0,0,32,1,1,1,1,3,98,0,10,0,0,42,0,2,18,94,5,0,0
0013453,0,0,35,0,3,2,1,9,75,0,12,0,0,47,0,0,7,68,5,0,0
0013576,0,0,14,1,1,0,0,3,100,0,21,1,1,40,0,0,10,84,3,0,0
0013635,0,0,24,0,1,0,0,7,96,0,8,0,0,41,0,0,12,91,4,0,0
0013993,0,0,9,1,0,1,1,4,44,0,6,0,0,26,0,0,9,33,1,0,0
0014314,0,0,54,0,6,0,0,9,144,0,4,1,0,54,0,1,31,145,4,0,0
0014363,2,1,62,0,3,0,0,5,134,0,4,0,0,42,0,1,17,139,0,0,0
0014502,0,1,83,0,5,0,0,30,114,1,15,0,0,106,0,0,47,229,6,0,0
0014570,0,0,65,0,10,1,0,9,177,1,10,0,1,50,0,1,35,160,4,0,0
0014628,1,0,52,0,2,0,0,7,201,1,15,0,0,63,0,0,29,157,4,1,0
0014820,2,0,50,1,3,1,0,7,187,1,8,0,1,41,0,0,30,142,2,0,0
0014837,0,0,38,0,1,0,0,3,116,0,9,0,0,46,0,0,7,105,0,0,0
0014971,0,0,60,1,5,0,0,3,262,0,12,0,0,44,0,0,11,165,1,0,0
0015157,0,0,61,0,6,1,0,2,155,0,6,0,0,42,0,0,26,177,0,0,0
0015233,0,0,76,3,4,0,0,5,183,0,5,0,0,33,0,0,20,122,0,0,0
0015321,1,0,91,0,2,0,0,18,199,0,5,0,0,72,0,0,27,228,1,0,0
0015368,0,1,66,0,2,0,0,7,154,0,19,0,0,35,0,0,30,137,2,0,0
0015530,0,0,71,0,4,0,0,10,213,0,10,0,0,34,0,0,26,121,1,0,0
0015614,0,0,0,0,0,0,0,0,0,0,0,0,0,0,0,0,0,0,0,0,0
0015707,1,0,56,0,2,1,0,4,201,0,7,0,0,44,0,1,28,121,1,0,0
0015749,0,0,23,0,4,0,0,0,145,0,3,0,0,22,0,0,7,93,0,0,0
0015941,0,0,0,0,0,0,0,0,0,0,0,0,0,0,0,0,0,0,0,0,0
0016002,3,0,24,1,8,0,1,2,150,0,6,0,0,48,0,0,16,125,1,0,0
0016107,0,0,23,0,6,0,0,5,140,0,11,0,0,42,0,2,10,73,0,0,0
0016215,0,0,13,1,3,1,3,0,111,0,6,0,0,25,0,0,10,65,0,0,0
0016318,0,0,23,0,4,0,1,2,143,1,9,0,1,45,0,0,11,70,3,0,0
0016463,1,0,21,0,0,0,1,3,154,0,7,0,0,28,0,0,6,101,2,0,0
0016519,0,0,20,0,3,0,3,3,130,0,9,1,0,31,0,1,4,95,1,0,0
0016801,1,0,12,0,9,0,0,0,107,0,5,0,1,28,0,0,5,85,2,0,0
0016836,0,0,16,0,13,0,2,0,133,0,11,0,0,45,1,0,5,128,0,0,0
0016869,2,0,23,0,11,0,6,1,181,0,17,2,0,48,0,1,1,112,0,0,0
0017428,0,0,54,0,3,0,0,7,173,0,5,0,0,52,0,0,25,193,5,0,0
0017512,0,0,66,0,3,1,0,18,151,0,5,0,0,41,0,0,26,126,2,0,0
0017630,0,0,104,0,5,0,0,12,227,0,7,0,0,50,0,1,28,194,6,0,0
0018012,0,0,34,0,5,0,1,2,145,1,4,0,0,26,0,0,8,65,2,0,0
0018119,0,0,53,0,3,1,2,11,223,0,14,0,0,42,0,1,22,158,3,0,0
0018175,0,0,64,0,6,0,0,12,174,0,16,0,0,30,0,1,12,124,2,0,0
0018206,0,2,84,0,0,2,0,7,192,0,12,0,0,59,0,1,36,165,0,0,0
0018220,0,0,47,0,1,2,0,3,140,0,5,0,0,39,0,1,17,99,2,0,0
0018351,2,0,47,2,11,0,0,8,209,0,12,0,0,33,2,0,11,123,0,0,0
0018436,0,0,37,0,6,0,0,0,183,0,7,0,0,29,0,1,11,110,2,0,0
0018501,3,0,31,0,1,1,2,4,183,0,7,0,0,48,0,1,7,105,3,1,0
0018562,0,0,41,0,1,0,1,6,215,0,8,0,2,47,0,2,14,115,2,0,0
0018659,1,0,61,1,3,2,1,4,201,0,20,0,2,62,1,0,21,173,9,0,0
0018687,0,0,36,1,4,0,0,7,217,0,10,0,1,61,0,0,15,184,1,0,0
0018755,2,0,26,0,1,0,0,4,176,0,8,1,1,44,0,1,8,88,1,0,0
0019049,0,0,18,0,2,1,1,2,174,0,12,0,1,41,0,0,10,98,2,0,0
0019319,0,0,17,0,16,0,2,1,172,1,12,0,0,18,0,1,5,97,0,0,0
0019354,0,0,17,1,1,1,0,3,121,0,4,1,0,25,0,0,10,52,1,0,0
0019403,0,0,33,1,4,2,0,5,166,0,16,0,0,56,0,1,9,70,2,0,0
0019427,3,0,24,0,0,0,0,0,133,0,15,0,1,44,0,2,14,58,1,1,0
0019520,0,0,34,4,4,1,0,5,157,0,22,1,0,55,0,1,8,97,4,0,0
0019622,1,0,93,0,0,0,2,6,223,0,24,1,2,77,0,2,33,146,1,0,0
0019685,0,0,9,0,1,0,0,0,71,0,9,0,0,14,0,0,8,39,1,0,0
0019839,0,0,29,0,1,1,0,4,117,0,7,0,1,24,0,0,19,94,1,0,0
0019913,0,0,0,0,0,0,0,0,8,0,1,0,0,0,0,0,2,4,0,0,0
0019948,0,0,33,0,2,0,0,6,94,0,3,0,0,11,0,0,9,34,3,0,0
0021009,0,0,27,0,0,0,1,4,81,0,9,0,0,26,0,0,13,71,3,0,0
0021013,0,0,35,0,4,0,0,8,132,1,12,0,2,34,0,0,14,106,7,0,0
0021065,0,0,43,1,2,1,1,4,159,0,15,0,2,43,0,0,14,129,2,0,0
0021134,0,0,36,0,2,0,0,6,122,1,6,0,1,29,0,2,17,109,1,0,0
0021159,0,0,32,0,0,0,0,4,121,1,14,0,0,47,0,0,20,96,2,0,0
0021190,0,0,18,0,2,0,0,2,104,0,7,0,2,22,0,0,10,76,0,0,0
0021231,0,0,33,0,2,0,0,8,126,0,14,0,0,50,0,0,18,146,4,0,0
0021489,0,0,10,1,0,0,2,2,92,1,7,0,0,20,0,1,7,76,0,1,0
0021516,0,0,4,0,0,0,0,5,16,1,4,0,0,7,0,0,0,15,0,0,0
0021606,0,1,20,1,6,1,1,1,88,1,7,0,0,47,0,1,11,76,1,2,0
0021615,1,0,24,0,3,0,3,10,113,0,25,0,1,45,0,3,17,125,2,0,0
0021712,0,0,1,0,1,0,0,0,2,0,0,0,0,2,0,0,1,9,0,0,0
0021725,0,0,2,0,0,0,0,0,12,0,2,0,1,6,0,0,1,17,1,0,0
0021783,0,0,5,0,0,0,0,2,31,0,4,0,0,3,0,1,5,24,1,0,0
0021817,0,0,15,1,0,2,3,7,133,0,13,0,0,43,0,0,14,112,2,0,0
0021846,0,0,13,0,4,0,0,2,118,0,3,0,0,30,0,1,13,70,5,0,0
0021895,0,0,13,1,2,2,0,4,73,1,8,0,0,29,1,0,9,81,3,0,0
0021904,1,0,35,0,0,1,0,4,137,0,19,0,1,47,1,0,10,112,3,1,0
0021961,2,0,16,0,3,1,0,3,135,1,15,0,1,40,0,0,10,70,1,1,0
0022003,1,0,20,0,0,0,0,2,95,0,5,0,0,33,0,0,8,80,2,0,0
0022034,0,0,21,2,0,0,0,7,90,1,3,1,0,29,0,2,13,84,3,0,0
0022056,1,0,22,0,0,0,0,13,72,0,4,0,0,29,0,0,3,71,3,0,0
0022061,0,0,27,0,2,0,0,7,88,0,8,0,0,48,0,0,16,105,2,0,0
0022090,1,0,23,0,2,0,0,8,66,0,6,0,0,34,0,0,23,80,0,0,0
0022139,0,0,33,0,0,0,0,4,87,0,11,0,2,42,0,1,27,104,2,0,0
0022154,0,0,27,0,3,0,1,5,130,0,6,0,0,50,0,0,15,107,1,0,0
0022325,0,0,11,0,0,0,0,0,33,0,4,0,0,4,0,0,7,20,0,0,0
0022427,0,0,33,1,2,0,2,4,114,1,17,0,0,49,0,1,16,68,8,0,0
0022453,0,0,25,0,3,0,0,11,121,1,24,0,1,45,0,1,22,97,1,0,0
0022491,1,0,16,0,0,1,0,2,101,1,9,0,0,27,0,1,8,81,2,0,0
0022508,0,0,39,0,2,1,0,6,120,0,11,0,0,51,0,0,15,99,2,0,0
0022566,0,0,47,1,0,2,0,12,118,0,13,0,0,43,0,1,15,76,1,0,0
0022685,0,0,35,0,1,0,1,8,74,1,7,0,0,54,0,1,23,100,0,0,0
0022694,0,0,6,0,0,0,0,0,27,0,1,0,0,2,0,0,1,6,0,0,0
0022709,0,0,47,0,0,0,1,10,107,0,19,0,1,59,0,0,20,116,2,1,0
0022763,0,0,30,1,2,0,0,17,99,0,15,0,1,39,0,0,25,112,2,0,0
0022824,0,0,27,0,0,0,0,5,90,1,2,0,1,31,0,0,9,64,0,0,0
0022847,0,0,28,2,3,0,0,3,81,1,11,2,4,23,0,0,9,68,1,0,0
0022873,1,0,46,0,2,1,0,15,97,1,21,1,2,43,0,0,10,102,3,0,0
0022898,0,0,0,0,0,0,0,1,2,0,1,0,0,1,0,0,1,1,0,0,0
0022926,0,0,20,0,0,0,0,5,63,0,9,0,0,27,0,0,10,44,1,0,0
0022997,0,0,0,0,0,0,0,3,2,0,1,0,0,7,0,0,0,9,0,0,0
0023002,0,0,20,1,1,0,1,4,116,0,9,0,0,40,0,2,15,76,0,0,0
0023077,0,0,32,0,4,0,0,7,119,0,26,0,1,59,0,0,12,90,1,0,0
0023172,1,0,38,0,3,1,0,10,164,0,10,0,1,54,0,1,13,104,1,0,0
0023240,0,0,36,2,0,0,1,9,122,1,8,1,0,37,0,2,25,84,2,0,0
0023295,0,0,38,1,1,1,0,15,120,1,19,0,1,41,1,0,26,96,3,0,0
0023313,0,0,42,0,1,1,0,12,142,0,18,0,0,62,0,0,25,127,5,0,0
0023414,0,0,35,0,2,0,0,16,90,0,12,0,1,51,1,0,9,85,4,0,0
0023486,0,0,31,1,1,0,0,9,111,0,13,0,0,66,0,0,21,94,3,0,0
0023542,0,1,37,0,3,0,1,8,104,0,15,1,0,67,0,0,39,163,6,0,0
0023641,0,0,34,0,1,0,0,11,118,0,15,0,1,44,0,0,19,90,1,0,0
0023769,0,0,22,0,1,0,0,10,105,0,9,1,0,34,0,0,13,83,3,0,0
0023835,0,0,52,0,1,0,1,23,111,1,10,0,2,91,0,2,32,136,5,0,0
0023943,1,0,26,1,0,1,1,10,101,0,13,0,0,82,0,1,32,99,0,0,0
0023998,0,0,21,0,3,0,1,4,140,0,5,0,1,36,0,2,9,68,2,0,0
0024058,0,0,0,0,0,0,0,0,0,0,0,0,0,0,0,0,0,0,0,0,0
0024148,0,0,31,0,1,0,0,3,113,1,7,0,0,47,0,0,9,52,1,0,0
0024182,0,0,27,0,4,0,0,3,126,0,15,0,0,42,0,2,8,66,4,0,0
0024263,0,0,0,0,0,0,0,0,0,0,0,0,0,0,0,0,0,0,0,0,0
0024352,1,0,53,0,1,0,2,8,141,0,14,0,1,48,0,1,27,110,5,0,0
0024385,0,0,5,0,0,0,0,0,34,0,2,1,0,13,0,0,5,10,0,0,0
0024438,0,0,0,0,0,0,0,0,0,0,0,0,0,0,0,0,0,0,0,0,0
0024500,0,0,43,0,3,0,1,16,165,0,12,1,0,48,0,1,17,119,4,0,0
0024568,0,0,77,0,3,1,0,20,123,0,11,0,0,77,0,1,34,168,2,0,0
0024651,0,0,36,0,1,0,0,13,150,1,13,0,4,56,0,1,19,88,4,0,0
0024669,0,1,37,0,3,0,0,7,170,0,11,0,2,55,0,0,12,101,4,1,0
0024684,0,0,55,0,3,0,0,20,207,0,14,1,1,47,0,1,23,111,2,0,0
0024753,0,0,83,2,3,0,0,16,180,0,23,0,0,65,0,0,36,160,6,0,0
0024843,0,0,93,0,4,0,0,19,197,1,23,0,0,88,0,0,40,160,3,0,0
0024908,0,0,78,1,5,0,0,18,142,0,3,0,1,53,0,0,27,171,4,0,0
0024927,0,0,44,0,1,0,1,11,84,0,9,0,0,39,0,0,27,101,0,0,0
0025040,0,0,18,0,0,1,0,0,53,0,6,0,1,22,0,0,1,40,0,0,0
0025076,0,0,49,0,2,1,1,6,132,0,8,0,2,39,0,0,21,85,2,0,0
0025108,1,0,38,0,1,0,1,11,162,1,11,0,0,55,0,1,25,140,6,0,0
0025155,0,0,47,0,1,0,1,8,143,0,22,0,1,53,0,0,28,102,2,0,0
0025227,0,0,32,0,1,0,0,8,130,0,13,1,0,31,0,0,11,73,2,0,0
0025404,0,0,6,0,0,0,0,0,11,0,3,0,0,2,0,0,1,4,0,0,0
0025432,0,0,33,1,3,0,0,2,88,0,0,0,0,21,0,2,10,56,0,0,0
0025451,0,0,68,0,3,0,0,10,140,0,12,1,0,59,0,0,28,133,7,0,0
0025501,0,0,91,0,3,0,0,21,115,1,17,0,2,61,0,0,29,153,5,1,0
0025536,0,0,61,0,3,0,0,11,169,0,16,0,0,63,0,0,32,138,2,0,0
0025588,1,0,96,0,0,0,0,18,112,0,12,0,0,64,1,0,39,172,3,1,0
0025703,0,0,51,0,0,0,0,24,108,2,20,0,1,84,0,0,33,184,4,0,0
0025789,0,0,64,0,4,0,2,14,191,0,21,0,0,75,0,0,42,157,6,0,0
0025919,0,0,68,0,5,0,0,14,134,0,13,0,0,51,0,0,30,134,4,0,0
0025935,0,0,74,0,3,0,0,20,183,0,8,0,0,60,0,1,20,165,2,0,0
0025990,0,0,43,0,0,1,0,11,113,0,4,0,1,27,1,1,15,80,2,1,0
0026145,0,0,29,0,0,0,0,13,94,1,9,0,0,41,0,0,25,97,0,0,0
0026171,0,0,41,2,2,0,0,12,115,0,10,0,0,39,0,0,13,89,11,0,0
0026244,0,0,33,1,1,0,0,8,130,0,15,0,0,37,0,0,27,86,3,0,0
0026413,0,0,70,0,1,0,0,14,108,0,13,0,1,56,0,0,22,105,4,0,0
0026512,0,0,56,0,4,0,1,9,112,0,15,0,0,28,0,0,21,115,5,0,0
0026597,0,0,55,0,2,0,1,10,111,0,11,0,2,29,0,1,22,89,6,0,0
0026625,0,0,73,1,7,1,0,16,129,0,15,0,0,49,1,0,16,161,2,0,0
0026715,0,0,62,0,2,0,0,21,105,0,13,1,0,62,1,0,35,145,6,0,0
0026724,0,0,75,0,0,1,2,28,123,0,9,0,0,79,0,0,36,178,4,0,0
0026830,0,0,62,0,3,0,1,15,135,0,15,1,0,63,1,2,29,155,15,1,0
0026916,0,0,63,1,5,1,0,21,136,0,9,0,0,51,0,0,35,122,6,1,0
0026920,1,0,80,0,2,0,1,25,158,0,12,2,0,67,0,0,29,159,7,0,0
0027031,0,0,0,0,0,0,0,0,0,0,0,0,0,0,0,0,0,0,0,0,0
0027100,0,0,60,1,2,0,0,8,164,0,15,0,0,60,0,2,20,104,6,1,0
0027212,0,0,75,0,2,0,0,12,174,0,7,0,1,64,0,1,24,120,5,0,0
0027250,0,0,36,0,0,0,0,3,190,0,12,1,0,21,1,1,14,70,1,0,0
0027276,0,0,44,0,5,1,0,6,225,1,11,0,1,62,0,1,20,124,1,0,0
0027305,0,0,67,0,5,1,0,22,167,0,12,0,0,52,0,0,35,200,1,1,0
0027342,0,0,49,0,3,0,1,6,101,1,5,0,0,79,0,0,19,118,1,0,0
0027506,0,0,70,1,3,0,0,5,291,1,12,0,0,65,0,3,21,119,2,0,0
0027602,0,0,61,0,8,0,0,16,197,0,12,0,1,69,0,0,33,136,3,0,0
0027648,0,1,66,0,4,0,0,7,236,0,13,0,0,61,0,1,27,161,4,0,0
0027810,0,0,90,0,2,0,0,22,230,0,9,0,0,80,0,1,31,169,7,0,0
0027915,0,0,66,0,8,1,0,32,84,0,5,0,0,103,0,1,58,268,10,0,0
0028014,0,0,95,1,0,0,2,17,187,0,15,1,1,49,0,4,40,142,1,0,0
0028200,0,1,98,1,2,0,0,17,134,0,17,0,0,59,0,0,30,147,4,0,0
0028299,0,0,82,1,2,0,0,29,106,0,4,0,0,69,0,0,44,169,2,0,0
0028368,0,0,73,1,1,1,0,11,133,0,15,0,0,54,0,0,39,153,5,0,0
0028380,0,0,63,0,2,2,1,24,146,0,16,1,0,57,0,0,33,152,1,0,0
0028530,1,0,96,1,1,0,1,18,122,0,9,0,1,82,0,2,37,198,6,0,0
0028656,1,0,104,0,3,0,1,32,131,0,9,0,0,109,0,1,56,257,1,0,0
0028773,0,0,62,0,2,0,0,17,82,0,6,0,0,77,0,0,23,157,3,0,0
0028809,0,0,53,0,2,0,1,18,97,0,3,0,0,66,0,1,20,123,5,0,0
0028939,0,0,68,1,0,0,0,31,84,0,6,0,0,81,0,0,26,179,5,0,0
0029010,0,0,78,0,1,0,0,18,148,1,6,1,0,54,0,0,30,126,4,0,0
0029128,0,0,86,0,1,0,1,22,188,0,16,0,1,52,0,0,27,118,4,0,0
0029298,0,0,93,2,5,1,0,34,140,1,17,0,2,84,0,0,41,162,5,0,0
0029434,1,1,66,0,1,1,0,18,188,0,6,0,0,55,0,1,43,208,5,0,0
0029462,0,0,73,0,4,0,1,19,142,0,3,0,0,59,0,0,29,144,3,0,0
0029661,0,0,81,0,1,1,0,24,77,0,4,1,0,77,0,0,35,179,0,0,0
0029825,0,0,45,0,2,2,0,14,62,0,4,0,0,81,0,0,36,151,2,0,0
0029892,0,0,74,0,3,0,0,26,64,1,4,0,0,63,0,0,20,130,4,0,0
0031066,1,0,34,1,1,1,0,7,116,0,7,0,0,35,0,0,14,67,1,0,0
0031082,0,0,26,1,0,1,1,7,81,0,7,0,2,27,0,0,8,52,0,0,0
0031160,0,0,34,1,3,2,0,14,70,1,7,0,0,27,1,0,14,76,4,0,0
0031236,0,0,33,0,2,1,1,18,99,0,18,1,0,48,0,0,23,126,5,0,0
0031283,0,0,26,3,2,1,1,16,109,0,12,0,1,55,0,1,15,110,6,0,0
0031327,0,0,29,0,4,1,1,16,109,1,10,0,0,50,0,0,18,93,6,0,0
0031432,0,0,39,0,0,0,0,7,110,1,9,0,0,39,0,0,29,76,1,0,0
0031461,0,0,30,0,2,0,0,12,106,0,13,2,1,60,0,0,11,109,3,0,0
0031631,0,0,38,1,4,0,0,11,100,0,7,0,0,27,0,0,13,71,2,0,0
0031662,0,0,38,1,3,0,0,8,103,0,8,0,0,34,0,0,20,103,2,0,0
0031765,0,0,40,0,3,1,0,2,93,1,9,0,1,32,0,2,5,63,1,0,0
0031839,0,0,36,2,1,0,0,8,98,0,10,0,1,43,1,0,23,99,2,0,0
0031900,1,0,46,0,1,0,0,20,136,0,9,0,0,38,0,0,30,119,1,0,0
0031994,0,0,36,1,2,1,0,18,81,1,8,0,0,44,0,0,31,85,10,0,0
0032101,1,0,27,0,2,1,0,11,82,0,13,0,0,27,0,0,22,71,4,0,0
0032206,0,1,37,0,2,0,0,10,81,0,3,0,1,41,0,0,21,112,4,0,0
0032470,0,0,31,0,0,1,1,10,56,0,3,0,1,44,0,0,15,73,5,0,0
0032554,0,0,38,0,2,1,0,14,81,0,9,0,1,44,0,0,9,85,3,0,0
0032773,0,0,39,0,3,0,0,15,83,0,10,0,0,41,1,0,15,88,3,1,0
0032872,0,0,34,0,1,0,0,7,96,0,7,0,1,38,0,0,17,61,0,0,0
0033017,0,0,0,0,0,0,0,0,0,0,0,0,0,0,0,0,0,0,0,0,0
0033108,0,0,41,0,4,1,0,13,66,0,7,0,0,48,0,0,23,125,4,0,0
0033126,0,0,54,0,2,0,0,20,98,0,7,0,0,66,0,0,21,148,2,1,0
0033227,0,0,46,0,2,2,0,25,78,0,20,0,1,82,0,1,46,149,6,0,0
0033431,0,1,35,0,0,0,0,11,56,0,5,0,0,44,1,0,21,89,3,0,0
0033529,0,0,33,0,0,1,0,18,70,0,1,0,1,40,0,0,15,103,4,0,0
0033713,1,0,59,0,1,0,0,20,142,0,9,0,0,59,0,0,38,163,8,0,0
0033761,1,0,83,1,4,0,1,18,125,0,11,1,1,68,0,0,45,160,3,0,0
0033818,0,0,56,0,0,0,0,19,105,0,5,0,2,61,0,1,45,153,4,0,0
0033997,0,0,35,0,6,0,0,14,116,0,2,1,0,74,0,0,35,134,5,0,0
0034009,0,0,49,0,2,0,0,12,145,0,15,0,0,58,0,0,35,155,4,0,0
0034117,0,0,20,0,0,0,1,10,119,0,13,1,0,39,0,0,23,97,3,0,0
0034225,0,0,40,0,1,0,0,23,181,0,12,0,0,57,0,0,26,104,4,0,0
0034322,0,1,63,1,1,0,0,13,129,0,9,0,0,73,0,1,42,136,7,0,0
0034410,0,1,32,1,3,0,2,2,92,1,11,0,0,57,0,0,20,85,3,0,0
0034600,1,0,73,1,1,1,0,13,128,0,10,0,1,45,1,2,18,123,1,0,0
0034657,0,0,61,2,3,1,0,28,146,0,14,0,0,83,0,0,39,157,4,0,0
0034726,0,0,55,0,1,0,0,16,124,0,8,0,0,55,0,0,23,133,4,1,0
0034871,0,0,60,0,4,0,0,27,120,1,7,0,0,70,0,2,29,179,2,0,0
0035127,0,0,56,0,2,1,0,15,132,0,23,0,0,55,0,0,38,131,4,0,0
0035215,0,0,41,0,0,0,1,11,81,0,5,0,0,40,0,0,17,94,2,0,0
0035260,0,0,30,0,1,0,0,4,80,0,11,0,0,31,1,0,12,71,5,0,0
0035345,0,0,0,0,0,0,0,0,0,0,0,0,0,0,0,0,0,0,0,0,0
0035402,0,0,26,1,2,0,0,10,127,0,10,0,0,35,0,0,22,94,3,0,0
0035500,0,0,74,0,4,0,0,20,131,0,10,0,1,57,0,0,29,156,3,0,0
0035636,0,0,60,0,0,0,0,21,121,0,17,0,0,83,0,1,31,139,2,0,0
0035784,0,0,60,0,4,0,0,23,105,0,6,1,0,68,0,1,27,146,2,0,0
0035852,1,0,68,4,2,1,0,40,115,0,9,0,0,102,0,0,46,211,3,0,0
0036104,0,0,67,0,3,0,0,17,144,0,12,0,1,62,0,0,28,149,4,0,0
0036176,0,0,39,0,6,0,0,13,139,0,8,0,0,48,0,1,38,147,2,0,0
0036201,1,0,32,1,2,0,0,7,112,0,11,0,0,45,1,0,15,70,4,0,0
0036274,1,0,45,0,1,1,0,15,120,0,9,0,1,29,0,0,29,109,0,0,0
0036433,0,0,65,0,2,0,0,18,140,0,12,0,0,63,0,0,48,108,6,0,0
0036503,0,0,40,0,1,1,0,12,85,0,4,0,1,45,0,1,22,107,1,0,0
0036556,0,1,56,1,4,1,0,12,93,0,5,0,0,36,0,0,38,141,3,0,0
0036602,0,0,45,1,4,0,0,8,86,0,6,0,1,44,0,0,27,142,4,0,0
0036637,0,0,76,0,3,0,0,9,123,0,5,0,0,39,0,0,33,135,3,0,0
0036754,0,0,40,0,2,1,0,19,98,1,6,0,0,58,1,2,32,120,3,0,0
0036844,0,0,37,0,2,0,0,12,73,0,7,0,0,47,0,1,15,88,4,0,0
0036973,0,0,27,0,3,1,0,14,81,0,5,0,3,44,0,1,31,106,4,0,0
0037241,0,0,63,0,2,0,1,16,168,0,18,0,0,62,0,1,32,161,5,0,0
0037296,1,1,55,2,4,0,0,18,131,0,8,0,0,76,1,0,36,157,1,0,0
0037443,1,0,70,0,4,0,0,25,186,0,9,0,1,66,2,0,42,185,10,0,0
0038113,0,0,84,1,1,2,0,29,123,0,8,0,0,70,0,0,32,151,4,0,0
0038203,0,0,43,0,1,1,0,18,98,0,11,0,0,50,0,0,20,141,3,0,0
0039027,0,0,64,0,3,0,0,10,118,0,9,0,0,58,0,0,40,159,4,0,0
0039118,0,0,55,1,7,0,0,14,105,1,6,1,0,46,0,0,37,111,3,0,0
0039423,0,0,62,0,3,0,0,12,111,0,6,0,0,60,0,0,31,145,2,0,0
0039536,0,0,53,1,6,0,1,8,146,1,9,0,0,40,0,0,34,133,4,0,0
0039582,0,0,44,0,4,0,0,10,85,0,9,0,1,41,0,0,23,128,5,0,0
0039779,0,0,58,0,2,0,1,16,122,0,5,0,0,47,0,0,34,156,1,0,0
0039933,0,0,39,0,4,0,0,10,81,0,5,0,0,30,0,0,19,109,3,0,0
0041028,0,0,6,0,1,0,1,2,22,0,3,0,0,10,0,0,1,22,0,0,0
0041109,0,0,1,0,0,0,0,1,10,0,2,0,1,1,0,0,0,2,0,0,0
0041165,1,0,82,0,6,0,3,19,186,0,13,0,1,96,0,1,43,144,4,0,0
0041216,3,0,145,0,5,0,0,5,389,0,8,0,0,41,0,1,51,151,2,0,0
0041240,0,0,166,0,0,1,0,9,320,0,3,0,0,22,0,0,39,113,0,0,0
0041366,0,0,135,0,3,0,0,6,229,0,6,0,1,42,1,2,37,133,1,0,0
0041431,0,0,132,1,2,1,0,13,239,0,12,0,0,47,0,0,42,128,1,0,0
0041523,0,0,143,0,2,1,0,5,248,0,11,0,0,33,0,0,25,93,3,0,0
0041560,1,0,174,0,6,0,0,15,373,0,6,0,0,28,0,0,23,91,4,0,0
0041661,0,0,167,0,2,0,1,15,267,0,1,0,0,37,0,0,44,117,4,0,0
0041673,0,0,179,1,0,0,0,10,330,0,3,0,0,34,0,0,18,118,6,0,0
0041711,0,1,203,1,1,0,1,9,407,0,16,0,0,63,0,1,43,153,4,0,0
0041769,0,0,240,1,7,0,0,8,441,0,5,0,0,38,0,0,45,143,2,0,0
0041818,0,0,165,0,5,0,1,5,357,0,7,0,0,21,0,1,23,76,4,0,0
0041877,1,0,106,1,2,0,0,18,263,0,3,0,0,23,0,0,25,75,4,0,0
0041976,0,0,242,0,4,0,0,8,416,0,4,0,1,38,1,1,37,179,4,0,0
0042016,0,0,199,0,2,0,0,25,171,0,5,0,0,70,0,0,44,242,3,0,0
0042155,1,0,221,1,2,1,0,18,286,0,7,0,1,69,0,2,41,224,3,0,0
0042258,0,1,237,3,5,1,0,33,234,0,13,0,0,101,0,0,67,302,2,0,0
0042266,0,0,205,0,2,0,1,29,185,0,6,0,0,118,0,0,48,286,4,0,0
0042363,0,0,107,0,2,0,1,16,112,0,12,1,1,59,0,0,44,178,0,0,0
0042481,0,0,209,0,7,0,1,39,191,0,8,0,0,111,0,1,73,333,12,0,0
0042593,0,0,187,0,8,0,0,31,228,0,9,0,0,88,0,1,65,284,5,0,0
0042605,0,0,110,0,3,1,0,21,147,0,10,1,0,90,1,0,50,207,7,0,0
0042707,0,0,80,0,1,0,0,17,159,0,3,0,0,41,0,0,20,130,1,0,0
0042821,0,0,253,2,2,1,1,27,265,0,4,0,0,53,0,1,44,275,3,0,0
0042854,0,0,142,0,1,0,1,10,230,0,3,0,0,33,0,0,31,111,2,0,0
0042960,0,0,141,0,4,0,0,20,202,1,13,0,1,57,0,1,45,165,1,0,0
0043033,0,0,0,0,0,0,0,0,0,0,0,0,0,0,0,0,0,0,0,0,0
0043148,0,0,140,0,3,0,1,26,157,0,10,0,0,76,0,0,52,211,5,0,0
0043242,0,0,152,2,3,0,0,35,155,0,8,0,0,68,0,0,50,215,1,0,0
0043377,0,0,15,0,1,0,0,0,148,0,0,0,0,4,0,0,6,28,2,0,0
0043400,0,0,103,0,2,0,1,46,190,0,10,0,2,112,0,0,53,220,4,0,0
0043492,0,0,105,0,1,0,0,33,156,1,12,0,3,113,0,0,61,265,5,0,0
0043614,2,0,80,1,3,1,0,13,307,1,4,0,0,49,0,1,23,98,7,0,0
0043738,0,0,64,0,4,0,0,10,171,0,4,0,0,35,0,0,15,105,2,0,0
0043845,1,0,39,1,4,0,0,5,104,0,13,0,1,58,0,0,28,99,0,1,0
0043915,0,0,26,0,3,0,0,1,196,0,0,0,0,6,0,0,11,23,2,0,0
0044059,1,0,149,1,6,0,0,5,158,0,3,0,0,43,0,3,28,123,5,1,0
0044105,1,0,212,0,8,1,0,49,231,1,8,0,2,93,0,0,87,266,9,0,0
0044167,0,0,163,0,2,1,0,27,190,0,10,0,0,64,0,0,37,205,1,0,0
0044209,0,0,153,0,1,0,0,8,319,0,0,0,0,31,0,2,32,121,3,0,0
0044255,0,0,251,1,2,0,0,43,218,1,6,0,0,77,0,0,48,278,5,0,0
0044310,0,1,222,1,1,0,0,30,224,0,10,0,0,72,0,1,54,365,1,0,0
0044507,0,0,125,1,0,0,2,20,179,0,10,0,0,60,0,0,34,180,8,0,0
0044520,0,1,167,0,3,0,0,28,170,0,15,0,0,97,0,0,57,325,4,1,0
0044562,0,0,167,0,3,1,0,39,146,0,6,0,0,115,0,2,63,295,1,0,0
0044601,0,0,114,2,5,0,0,12,271,2,25,1,2,85,0,1,34,193,5,0,0
0044625,0,1,208,0,4,0,0,27,237,0,12,1,0,100,0,2,58,334,7,0,0
0044706,1,0,162,0,9,1,0,35,213,0,8,0,0,80,0,0,31,268,2,0,0
0044757,0,0,67,0,5,1,0,12,193,0,9,0,0,57,0,0,31,146,2,0,0
0044804,0,0,185,0,4,1,0,14,286,1,7,0,0,70,1,0,26,168,4,0,0
0044903,1,0,119,0,6,1,0,15,282,0,18,1,0,66,1,1,26,183,6,0,0
0045015,0,0,124,0,2,0,0,7,395,0,16,0,1,48,1,0,28,125,2,1,0
0045058,1,0,212,0,6,0,0,2,403,0,9,0,2,40,0,0,19,119,5,0,0
0045140,1,0,91,0,5,0,1,1,321,0,16,0,0,49,0,0,16,132,2,0,0
0045205,0,0,72,0,5,0,1,3,281,0,11,0,0,29,0,0,30,93,2,0,0
0045314,2,0,41,1,6,0,3,3,203,0,12,0,0,44,0,0,12,76,2,0,0
0045418,0,0,39,0,0,1,3,2,181,0,5,0,0,43,0,0,7,81,1,0,0
0045453,0,0,15,0,1,0,0,3,64,0,7,0,1,25,0,0,1,57,2,0,0
0045482,2,0,33,0,1,1,0,3,104,0,7,0,0,27,0,0,4,60,3,0,0
0045511,0,0,6,0,6,0,2,0,68,0,1,0,0,24,0,0,1,26,2,0,0
0045548,0,0,7,1,2,0,3,3,142,0,7,0,2,37,0,0,9,55,1,0,0
0045624,1,1,24,2,5,0,1,2,193,0,14,0,0,35,0,1,3,81,3,0,0
0045670,2,0,25,1,1,0,0,3,173,2,13,0,0,43,0,0,8,90,1,0,0
0045701,2,1,43,0,9,0,1,6,208,0,22,0,0,51,0,0,18,87,1,0,0
0045736,1,0,9,0,7,1,2,2,80,1,12,0,0,50,0,0,12,61,1,2,0
0045774,0,0,0,0,0,0,0,0,0,0,0,0,0,0,0,0,0,2,0,0,0
0045847,3,0,27,0,1,0,1,2,101,0,18,0,0,28,0,0,5,75,1,0,0
0045908,0,0,12,0,1,0,0,4,118,0,8,0,1,48,0,1,7,87,2,0,0
0045931,0,0,19,0,6,1,0,3,143,0,14,0,0,49,0,2,8,102,0,0,0
0045997,1,1,22,2,5,0,0,1,126,1,26,0,1,47,0,1,14,117,0,0,0
0046014,0,0,214,1,0,0,0,22,329,1,15,0,0,59,0,0,50,201,2,0,0
0046098,0,0,161,2,3,0,1,13,249,0,12,0,0,55,0,0,59,141,4,0,0
0046220,0,0,104,1,1,1,0,7,220,0,12,1,0,32,0,0,20,113,5,0,0
0046307,0,0,165,0,2,0,1,15,245,0,7,0,1,51,0,0,27,147,5,0,0
0046344,1,3,72,0,8,1,0,8,223,0,8,0,0,45,0,0,23,94,2,0,0
0046419,1,0,66,0,5,2,1,14,183,0,8,1,0,45,0,0,23,103,6,0,0
0046445,1,0,63,0,3,2,1,6,261,1,15,0,0,47,0,0,19,144,2,0,0
0046618,0,0,22,0,4,2,2,1,152,1,9,0,0,51,0,0,4,107,1,0,0
0046682,1,0,24,0,8,4,3,1,110,0,4,0,0,34,0,0,6,113,1,0,0
0046690,0,0,16,0,8,1,2,1,144,2,13,0,0,60,0,0,5,92,0,0,0
0046828,0,0,16,0,7,0,0,3,187,1,14,0,0,54,0,1,16,100,1,0,0
0046971,0,0,4,0,3,2,2,0,38,1,1,0,0,7,0,0,4,15,1,0,0
0047018,0,0,35,1,4,0,0,7,78,0,7,0,0,48,0,0,14,95,4,0,0
0047051,0,0,113,0,3,0,1,18,203,0,18,0,0,85,0,2,27,228,2,0,0
0047116,0,0,79,1,10,1,1,22,148,0,11,0,0,83,0,1,33,234,6,0,0
0047154,0,0,81,1,7,1,0,14,173,2,13,0,0,85,0,0,22,189,4,0,0
0047199,0,0,83,1,6,1,0,16,140,0,18,0,0,74,0,1,17,180,5,0,0
0047226,1,0,87,0,9,0,0,18,179,0,13,0,0,97,0,0,40,255,4,0,0
0047249,0,0,67,0,6,0,0,16,117,0,14,0,0,90,0,1,27,186,2,0,0
0047302,1,0,130,0,8,0,1,22,212,1,12,0,0,103,0,1,39,306,7,0,0
0047411,0,0,70,1,7,0,0,16,135,0,16,0,0,90,0,3,28,202,6,1,0
0047436,0,0,53,1,7,0,0,14,159,0,9,0,0,62,0,1,34,190,2,0,0
0047515,0,0,61,0,15,0,0,14,165,1,19,0,0,70,0,1,37,205,11,0,0
0047530,0,0,70,0,7,0,1,9,190,0,15,1,0,76,0,1,23,169,1,0,0
0047563,0,0,93,1,5,1,0,17,181,0,10,0,0,108,0,1,48,255,1,0,0
0047589,1,0,70,1,19,0,1,17,164,0,15,0,1,94,0,1,45,257,1,0,0
0047619,0,0,80,0,12,1,0,17,148,1,7,0,0,87,0,0,34,227,4,0,0
0047712,0,0,88,0,7,0,0,14,152,0,17,0,0,92,0,0,43,249,9,0,0
0047833,1,0,100,0,3,1,0,21,154,0,15,0,1,87,0,0,40,215,1,0,0
0047868,0,0,123,1,1,0,0,21,143,0,8,0,1,78,0,2,38,213,2,0,0
0047921,0,0,87,0,17,0,0,21,216,3,15,0,0,78,0,0,52,207,4,0,0
0048115,1,0,41,0,6,1,0,10,210,3,22,0,0,61,0,2,23,140,3,1,0
0048122,2,1,60,2,8,0,0,10,228,1,18,0,2,82,0,2,9,241,1,0,0
0048243,3,0,15,1,7,0,1,5,185,0,17,0,2,65,0,0,14,122,1,0,0
0048305,0,0,40,1,12,0,0,5,156,0,15,0,0,71,0,0,11,152,1,0,0
0048320,0,0,25,0,3,0,0,2,164,1,15,0,2,40,0,0,5,108,1,0,0
0048396,0,1,31,0,6,1,0,2,199,1,27,0,1,65,0,1,12,171,0,0,0
0048447,1,0,35,0,20,0,0,1,207,0,16,0,0,64,2,0,6,110,2,0,0
0048475,0,0,23,0,8,0,1,3,178,0,18,2,0,53,0,0,10,106,2,0,0
0048524,0,0,15,0,15,0,0,1,124,2,10,0,0,46,0,0,2,95,0,0,0
0048579,0,0,19,1,9,0,0,2,127,0,17,0,1,30,0,2,8,106,1,0,0
0048613,0,0,17,0,21,1,1,3,168,3,12,0,0,42,0,0,3,102,2,0,0
0048637,0,1,15,0,9,1,1,2,147,0,15,0,1,48,0,1,9,113,1,0,0
0048703,0,0,9,0,12,0,0,3,89,1,7,0,0,29,1,0,1,55,0,0,0
0048728,0,0,25,1,5,0,0,2,158,0,17,0,0,42,0,0,6,108,1,0,0
0048767,0,0,5,1,7,0,0,1,32,0,6,0,0,14,0,0,3,16,0,0,0
0048864,0,0,27,0,8,0,0,2,122,1,16,0,1,35,0,1,4,138,1,0,0
0048906,0,0,37,0,6,0,0,3,172,4,14,0,0,71,0,0,11,141,1,0,0
0049006,0,0,53,0,3,2,0,6,247,0,21,0,2,78,0,0,16,169,0,1,0
0049085,0,0,9,1,2,0,0,1,51,0,7,0,1,7,0,0,4,28,0,0,0
0049162,0,0,17,0,9,0,0,6,159,0,11,0,0,54,0,1,17,129,1,0,0
0049189,0,1,30,0,6,0,3,5,206,0,17,0,0,62,0,0,16,122,0,0,0
0049263,1,0,26,0,6,2,2,2,139,0,10,0,1,53,0,0,7,99,6,0,0
0049304,1,0,28,0,4,1,1,2,133,2,17,1,0,56,0,1,9,107,3,0,0
0049358,0,0,29,0,5,0,0,4,118,0,23,0,0,49,0,2,7,109,3,0,0
0049373,0,0,25,0,4,0,1,6,107,0,17,0,0,57,0,0,11,118,0,0,0
0049413,2,0,20,0,3,0,0,0,135,2,11,0,0,38,0,0,10,90,1,0,0
0049457,0,0,10,0,4,0,0,5,154,3,9,0,0,38,0,5,9,81,2,1,0
0049472,1,1,29,1,2,0,0,6,146,2,12,0,0,38,0,0,8,132,2,2,0
0049542,1,0,28,1,4,0,0,4,142,0,13,1,0,71,1,2,13,139,0,1,0
0049596,0,0,24,0,6,0,1,6,146,1,11,1,2,50,0,1,16,134,0,0,0
0049610,1,0,23,0,4,0,0,1,176,1,15,1,0,44,0,1,13,139,0,0,0
0049629,0,0,20,0,5,0,0,1,120,1,10,0,0,52,0,0,9,91,1,0,0
0049732,0,0,29,1,18,0,0,5,218,0,9,0,3,77,0,0,20,146,0,0,0
0049754,1,0,41,0,11,2,0,4,193,0,14,0,0,53,0,0,10,177,2,0,0
0049870,2,0,22,0,6,0,0,3,177,0,4,0,0,51,0,1,9,111,3,0,0
0049959,0,0,25,0,7,0,0,5,145,1,8,0,0,39,1,1,9,98,2,0,0
0049981,0,0,0,0,0,0,0,0,0,0,0,0,0,0,0,0,0,0,0,0,0
0051026,0,0,64,0,2,0,0,12,134,0,9,0,1,40,0,0,14,126,3,0,0
0051127,0,0,76,1,2,0,0,17,176,0,8,0,0,39,0,1,12,115,2,0,0
0051180,0,2,53,0,4,1,0,7,224,0,9,0,0,37,0,0,22,123,3,0,0
0051317,1,0,82,1,2,2,0,20,147,0,8,0,0,43,0,0,40,143,5,0,0
0051415,0,1,97,0,2,0,1,14,176,1,13,0,0,61,0,0,41,226,7,1,0
0051565,0,0,67,0,4,0,0,11,216,0,11,0,0,52,0,1,20,133,0,0,0
0051646,0,0,41,0,6,1,0,8,159,0,8,0,1,55,0,0,12,115,0,0,0
0051729,0,0,85,0,2,0,0,19,205,1,17,0,0,46,0,0,25,173,7,0,0
0051794,0,0,55,0,2,0,1,23,139,0,16,1,0,49,1,1,29,140,3,0,0
0051844,0,0,35,1,6,0,0,5,149,0,10,0,0,57,0,1,28,114,6,0,0
0051988,0,0,44,1,4,0,0,11,152,0,9,0,0,39,0,0,22,125,4,0,0
0052104,0,0,50,0,2,0,1,12,141,0,9,0,0,67,0,0,22,146,6,0,0
0052218,0,0,56,0,1,0,1,15,138,0,17,0,0,49,0,1,24,111,6,0,0
0052342,1,0,39,0,4,2,0,8,149,0,7,0,2,31,0,2,14,104,1,0,0
0052492,0,0,36,1,2,1,0,3,115,0,14,0,1,48,0,0,23,83,2,0,0
0052516,0,0,22,0,2,0,0,3,68,0,15,0,0,40,0,0,10,58,0,0,0
0052627,0,0,45,0,2,2,0,7,154,0,15,0,0,47,0,3,25,129,3,0,0
0052723,0,0,33,2,5,0,2,8,147,0,18,0,0,56,0,1,10,126,1,1,0
0052737,1,0,39,0,1,0,0,9,156,1,7,0,0,62,0,0,12,123,0,0,0
0052868,0,0,38,1,3,0,0,3,151,0,5,0,0,48,0,1,13,103,1,1,0
0052957,0,0,8,0,1,0,0,0,22,0,1,0,0,5,0,0,7,21,0,0,0
0053014,0,0,37,1,0,2,1,12,98,2,13,0,1,39,0,1,15,96,4,0,0
0053067,0,0,43,1,3,0,0,8,108,1,14,0,0,33,0,0,22,99,1,0,0
0053137,0,0,56,0,1,1,0,21,117,0,16,0,0,64,1,1,37,134,3,0,0
0053261,0,0,54,0,2,2,0,12,132,0,15,0,0,29,0,2,29,128,3,0,0
0053318,1,0,33,3,1,0,0,15,144,0,16,0,1,52,0,0,26,90,3,1,0
0053363,1,1,26,2,4,0,1,8,129,0,12,0,0,56,0,2,19,87,3,0,0
0053435,0,0,29,0,3,0,1,15,127,0,11,0,0,51,0,1,22,108,3,0,0
0053512,0,0,17,0,1,0,2,3,64,0,6,0,0,24,0,0,7,51,0,0,0
0053526,0,0,22,0,6,0,0,6,114,0,14,0,0,27,0,0,14,91,0,0,0
0053594,0,0,62,0,4,0,0,5,209,0,10,1,0,49,0,3,31,115,3,0,0
0053610,1,0,36,0,3,0,0,3,166,0,10,0,0,37,0,0,6,97,2,0,0
0053821,0,0,33,0,3,0,0,10,103,0,7,0,1,37,0,0,17,78,4,0,0
0053932,0,0,49,1,3,0,0,13,125,0,3,0,1,45,0,0,27,121,3,0,0
0054279,0,0,0,0,0,0,0,0,0,0,0,0,0,0,0,0,0,1,0,0,0
0054713,1,0,10,0,3,1,0,2,20,0,6,0,0,16,0,1,8,14,0,0,0
0055016,0,0,0,0,0,0,0,0,0,0,0,0,0,0,0,0,0,0,0,0,0
0055203,0,0,58,1,4,0,0,5,132,0,13,0,1,60,0,0,19,92,0,0,0
0055299,0,0,42,0,3,0,0,5,143,2,14,0,0,40,0,0,14,119,5,0,0
0055410,0,0,17,0,4,0,0,7,60,0,8,0,1,34,0,1,11,55,1,0,0
0056122,0,0,30,0,1,0,0,6,77,0,7,0,0,21,0,0,20,100,2,1,0
0056250,1,0,32,0,4,0,1,9,79,0,6,0,0,34,0,0,14,111,1,0,0
0057019,2,0,14,0,5,0,0,1,135,0,9,0,0,50,0,0,11,91,0,0,0
0057093,0,0,14,0,6,1,0,3,127,0,15,0,1,44,1,0,9,112,5,0,0
0057157,1,0,19,0,2,3,1,6,72,0,23,0,2,58,0,0,11,90,3,1,0
0057315,0,0,24,0,8,0,0,3,160,0,8,0,1,49,0,0,5,86,3,0,0
0057402,0,0,20,0,3,0,0,5,145,0,14,0,1,39,2,4,14,110,2,0,0
0057509,0,0,15,0,4,0,0,2,110,0,12,3,0,40,0,1,10,98,0,0,0
0057584,0,0,14,2,7,0,1,2,141,1,5,0,0,41,0,0,7,84,3,0,0
0057639,0,0,32,1,7,0,1,5,132,0,11,0,0,39,0,0,18,99,3,0,0
0057660,0,0,41,0,1,0,0,6,171,0,13,0,3,74,1,1,18,185,0,0,0
0057761,0,0,18,0,5,0,0,7,97,0,6,0,0,30,1,1,12,87,1,0,0
0057825,0,0,17,0,3,1,0,1,152,1,13,0,1,52,0,0,7,112,2,0,0
0057862,0,0,31,0,6,0,0,5,129,0,13,0,1,33,0,1,15,132,2,0,0
0058033,0,0,21,0,4,0,0,3,106,0,8,0,1,36,0,1,22,114,1,0,0
0058231,0,0,34,2,4,1,0,10,120,0,9,0,0,58,0,0,33,103,2,0,0
0058346,2,1,24,0,5,1,1,17,138,0,10,0,0,69,0,2,23,107,2,0,0
0058437,0,0,28,1,6,1,0,6,153,1,13,0,0,51,0,3,23,157,4,0,0
0058734,0,0,40,0,4,0,0,5,159,0,9,1,0,55,0,1,10,131,4,0,0
0058828,1,0,34,1,9,0,0,4,154,0,7,0,1,40,0,0,5,98,0,0,0
0058893,0,0,42,0,9,2,0,9,167,0,9,0,1,35,0,0,12,142,2,0,0
0059352,1,0,44,0,10,0,0,13,131,1,10,0,0,61,1,0,19,136,4,0,0
0059406,1,0,45,0,14,0,0,11,140,0,8,0,1,65,0,0,26,161,2,0,0
0059562,0,0,28,1,3,2,1,15,105,0,8,0,0,75,0,0,23,203,4,0,0
0061020,0,0,14,0,1,0,0,4,35,0,9,0,0,32,0,1,6,43,0,0,0
0061124,0,0,71,0,2,0,0,32,109,0,14,0,0,118,0,0,66,207,5,0,0
0061137,0,0,51,0,4,0,0,11,57,0,8,0,0,86,0,0,43,140,8,0,0
0061198,0,0,49,1,2,1,0,20,111,0,7,0,0,71,0,1,27,143,5,0,0
0061263,0,0,60,0,6,0,0,26,133,0,10,0,0,74,1,0,24,142,6,0,0
0061312,0,0,0,0,0,0,0,0,0,0,0,0,0,0,0,0,0,1,0,0,0
0061411,0,0,29,0,4,0,0,5,72,0,3,0,0,39,0,2,16,86,1,0,0
0061549,0,0,0,0,0,0,0,0,0,0,0,0,0,0,0,0,0,0,0,0,0
0061983,0,0,35,0,5,1,0,3,118,0,10,0,1,41,0,0,42,106,3,0,0
0062479,0,0,0,0,0,0,0,0,0,0,0,0,0,0,0,0,0,0,0,0,0
0062755,0,0,4,0,0,0,0,1,7,0,1,0,0,4,0,0,5,7,0,0,0
0063403,0,0,0,0,0,0,0,0,0,0,0,0,0,0,0,0,0,0,0,0,0
0063814,0,0,26,0,1,0,0,16,52,1,5,0,0,48,0,0,20,98,4,0,0
0064012,0,0,41,0,3,0,0,6,148,0,5,0,0,49,0,0,21,152,2,0,0
0064251,0,0,46,0,5,0,0,14,105,1,14,1,0,47,0,1,25,106,4,0,0
0064427,0,0,51,0,3,1,0,12,168,0,5,0,1,55,0,0,27,144,1,1,0
0066532,0,0,26,1,2,1,0,25,64,1,13,0,1,79,0,1,29,163,3,0,0
0066741,0,0,39,0,0,1,1,18,51,0,7,0,1,61,0,2,35,119,4,0,0
0067723,0,0,30,0,0,0,0,14,61,1,8,0,0,53,0,0,20,68,0,0,0
0069964,0,0,9,0,0,0,0,7,20,0,4,0,0,21,0,0,7,55,0,0,0
0071126,0,0,4,0,0,2,0,0,6,0,3,0,0,5,0,0,0,6,0,0,0
0071620,0,0,1,0,0,0,0,0,10,0,1,0,0,2,0,0,3,13,0,0,0
0071866,0,0,5,0,0,0,0,2,15,0,4,0,1,13,0,1,2,14,2,0,0
0072023,0,0,0,0,0,0,0,0,0,0,0,0,0,0,0,0,0,0,0,0,0
0072060,0,0,0,0,0,0,0,0,1,0,0,0,0,0,0,0,0,0,0,0,0
0072165,0,0,0,0,0,0,0,0,0,0,0,0,0,0,0,0,0,0,0,0,0
0072207,0,0,0,0,0,0,0,0,0,0,0,0,0,0,0,0,0,0,0,0,0
0072268,0,0,0,0,0,0,0,1,0,0,0,0,0,0,0,0,0,0,0,0,0
0072293,0,0,49,0,5,0,1,7,159,3,8,1,0,45,0,2,14,179,1,0,0
0072310,0,0,67,0,4,0,0,10,172,0,14,0,0,64,0,1,21,175,5,0,0
0072329,1,0,36,1,6,0,0,4,159,0,14,0,0,39,0,1,26,181,2,0,0
0072495,0,0,58,0,5,0,1,13,150,0,12,1,0,55,0,1,17,167,2,0,0
0072564,0,0,37,0,0,0,0,9,157,0,5,0,1,64,0,2,24,156,0,0,0
0072606,0,0,28,0,6,0,0,15,105,0,12,0,1,81,0,0,37,153,2,0,0
0072631,0,1,36,1,2,0,0,9,90,0,8,0,1,72,0,1,24,160,3,0,0
0072713,0,0,47,0,4,0,0,15,178,1,8,0,1,65,0,0,25,191,2,0,0
0072796,1,0,34,0,7,0,0,3,129,0,2,0,0,39,0,0,12,113,0,0,0
0072804,1,0,65,0,7,0,0,8,190,0,16,0,2,52,0,1,23,185,5,0,0
0072850,0,0,48,0,2,0,0,3,141,1,7,0,0,61,0,0,26,164,1,0,0
0073018,0,0,49,0,2,0,0,6,199,2,13,0,0,59,0,0,28,145,2,0,0
0073129,0,0,60,0,6,0,0,11,172,0,12,0,0,66,0,1,19,157,2,0,0
0073171,0,0,42,0,2,0,0,5,149,0,7,0,0,40,0,0,22,126,3,0,0
0073212,1,0,35,1,0,0,0,12,160,0,10,0,1,39,0,0,17,136,0,0,0
0073247,0,0,45,1,3,0,0,13,159,1,21,0,0,56,0,0,20,163,2,0,0
0073319,0,0,72,0,6,0,0,22,122,0,14,0,0,79,0,0,33,231,5,0,0
0073350,1,0,42,0,5,0,0,7,121,0,7,0,0,47,0,1,22,147,3,0,0
0073402,0,0,39,0,7,0,0,21,117,0,5,0,0,62,0,0,17,151,3,0,0
0073469,0,2,53,0,2,0,0,6,160,0,11,0,1,50,0,0,17,138,2,0,0
0073516,0,0,42,0,2,0,0,8,136,1,3,0,0,61,0,0,15,177,4,0,0
0073567,0,0,41,0,8,0,0,6,145,1,9,0,0,55,0,1,21,134,4,0,0
0073634,1,0,40,0,9,0,0,8,131,1,8,0,0,50,0,0,6,129,0,0,0
0073656,0,0,16,0,2,0,0,2,130,0,6,0,0,27,0,0,14,85,0,0,0
0073683,2,0,41,0,9,0,1,3,132,0,1,1,0,57,0,0,14,168,4,0,0
0073700,0,0,47,0,2,0,0,4,145,3,5,0,0,39,0,0,9,146,1,0,0
0073723,0,0,39,0,11,1,0,5,190,0,9,0,0,50,0,0,13,157,0,0,0
0073806,1,0,25,0,3,0,1,1,140,1,6,0,1,52,0,0,18,165,3,0,0
0073849,0,0,43,0,2,1,0,2,169,0,5,0,0,42,0,1,8,160,5,0,0
0073938,0,0,21,0,5,0,0,3,128,0,2,0,0,45,0,0,14,138,3,0,0
0073946,0,0,21,0,4,0,0,4,122,0,7,0,0,43,0,1,7,139,0,0,0
0074266,0,0,5,0,0,0,0,4,40,0,6,0,0,8,0,1,4,19,0,0,0
0074759,0,0,2,0,0,0,0,0,1,0,0,0,0,1,0,0,0,4,0,0,0
0077164,0,0,19,1,1,0,0,4,53,0,7,0,0,39,0,0,18,73,4,0,0
0077380,0,0,10,0,1,0,0,1,32,0,8,0,1,17,0,1,5,41,0,0,0
0078116,2,0,15,0,0,0,0,7,77,0,11,0,0,31,0,0,17,59,1,0,0
0078428,0,0,2,0,0,0,0,1,5,0,3,0,0,5,0,0,2,6,0,0,0
0081031,0,0,21,1,3,0,0,5,125,0,13,0,2,56,0,0,20,142,1,0,0
0081189,0,0,30,0,5,0,0,4,131,0,13,0,0,38,0,0,13,141,2,0,0
0081237,2,1,48,0,5,1,0,16,145,0,10,1,1,60,0,0,18,146,2,1,0
0081274,0,0,51,0,3,0,0,4,137,1,4,0,0,58,0,0,17,138,4,0,0
0081320,0,0,28,1,4,0,0,7,127,1,10,0,0,51,0,0,10,126,2,1,0
0081419,0,0,42,0,5,0,0,4,120,0,5,0,0,43,0,0,21,143,4,0,0
0081550,0,0,54,0,5,0,0,28,106,0,18,0,0,103,1,1,35,243,3,0,0
0081643,0,0,45,0,5,0,0,7,172,0,3,0,0,38,0,0,18,153,2,0,0
0081708,0,0,39,0,3,1,0,2,145,0,13,0,1,65,0,0,23,147,2,0,0
0082009,0,0,23,0,6,0,0,1,134,1,10,0,0,20,0,3,20,116,4,0,0
0082021,0,0,23,1,0,0,0,4,91,0,2,0,2,35,0,0,4,69,2,0,0
0082077,0,0,46,1,10,0,1,9,200,1,4,0,1,47,1,0,18,155,3,0,0
0082102,0,0,19,0,6,0,1,5,140,0,11,1,1,40,0,2,14,98,2,0,0
0082185,0,1,38,1,1,0,1,13,141,1,7,0,0,46,0,0,23,101,4,0,0
0082240,0,0,39,0,7,0,0,10,144,2,7,0,2,42,0,2,22,106,2,0,0
0082287,0,0,25,0,2,0,0,5,102,1,14,0,0,56,0,1,25,140,3,0,0
0082328,0,0,53,0,0,0,0,5,139,0,20,0,0,67,0,0,28,162,0,0,0
0082372,0,0,45,0,2,2,0,10,59,0,5,0,0,47,0,1,33,163,5,0,0
0082504,1,0,42,2,4,0,1,10,163,0,11,0,2,75,0,0,13,112,7,0,0
0082568,0,0,53,0,1,1,0,15,141,2,12,0,1,56,0,0,18,141,5,2,0
0082619,0,0,42,2,3,0,0,16,123,1,7,0,0,58,0,0,28,140,8,0,0
0082633,0,0,49,1,2,0,0,19,102,0,14,0,0,44,0,1,27,114,5,0,0
0082706,0,0,27,0,3,0,1,7,128,0,8,0,1,41,0,1,33,86,2,1,0
0082774,0,0,48,0,1,1,0,14,99,1,24,0,1,52,0,0,20,132,2,1,0
0082835,1,1,37,0,1,0,0,18,103,0,13,0,1,38,0,2,21,109,4,0,0
0082880,0,0,33,2,3,0,0,5,107,1,13,0,1,51,0,1,22,103,2,1,0
0083003,0,0,37,0,4,0,0,6,119,1,17,0,0,53,0,0,22,113,3,0,0
0083213,0,0,48,1,3,0,0,13,101,3,8,0,0,51,0,0,28,110,7,0,0
0083305,1,0,33,1,4,0,0,6,147,1,4,0,0,35,0,2,20,138,0,0,0
0083357,0,0,31,0,6,0,0,8,124,2,2,0,0,39,0,0,26,127,0,0,0
0083452,1,0,41,0,3,0,0,13,114,0,3,0,0,45,1,0,12,121,4,0,0
0083511,0,0,18,0,2,0,0,12,118,2,5,0,0,39,0,0,24,97,1,0,0
0083544,0,0,45,0,1,0,0,5,142,1,12,0,0,52,0,2,16,162,0,0,0
0083900,0,0,0,0,0,0,0,1,1,0,1,0,0,2,0,0,1,5,0,0,0
0084250,1,0,1,0,0,0,0,2,7,0,1,0,0,5,0,0,1,12,0,0,0
0084815,0,0,0,0,0,0,0,0,0,0,0,0,0,0,0,0,0,0,0,0,0
0085145,0,0,0,0,0,0,0,0,0,0,0,0,0,0,0,0,0,0,0,0,0
0085261,0,0,0,0,0,0,0,0,0,0,0,0,0,0,0,0,0,0,0,0,0
0085426,0,0,0,0,0,0,0,0,0,0,0,0,0,0,0,0,0,2,0,0,0
0085914,0,0,0,0,0,0,0,0,0,0,0,0,0,0,0,0,0,0,0,0,0
0085988,0,0,14,0,1,0,0,7,66,0,9,0,0,34,0,0,21,78,4,0,0
0086376,0,0,1,0,0,0,0,2,6,0,3,0,0,0,0,0,2,2,1,1,0
0086807,1,0,5,0,1,0,0,0,7,0,7,0,0,6,0,0,4,11,0,0,0
0087126,0,0,0,0,0,0,0,0,2,0,0,0,0,0,0,0,0,2,0,0,0
0087338,0,0,0,0,0,0,0,0,0,0,0,0,0,0,0,0,0,0,0,0,0
0087704,0,0,0,0,0,0,0,0,0,0,0,0,0,0,0,0,0,0,0,0,0
0088117,0,0,3,1,0,0,0,2,9,0,0,0,0,4,0,0,2,7,1,0,0
0088515,0,0,29,1,2,0,0,9,138,1,14,0,0,33,0,0,20,99,7,0,0
0088616,0,0,19,3,1,1,0,11,143,1,15,0,2,63,0,0,13,73,0,0,0
0088707,3,0,22,0,1,0,0,5,108,0,9,0,0,37,0,0,14,67,2,0,0
0088780,6,1,21,0,1,0,0,5,131,0,11,0,3,61,0,1,10,79,4,1,0
0088941,0,0,0,0,0,0,0,0,2,0,0,0,0,0,0,0,0,3,0,0,0
0089113,0,0,18,0,1,3,0,14,100,0,7,1,3,52,0,1,16,93,1,0,0
0089238,0,2,31,0,2,0,0,9,125,1,15,0,0,53,0,1,22,80,4,0,0
0089324,2,1,21,0,2,1,1,6,96,2,11,0,1,45,0,0,13,69,5,0,0
0089436,0,0,18,0,1,1,0,7,76,0,2,1,0,24,0,1,16,65,4,0,0
0089521,0,0,0,0,0,0,0,0,6,0,0,0,0,1,0,0,0,3,0,0,0
0089702,0,0,1,0,1,0,0,2,4,0,0,0,0,4,0,0,1,2,0,0,0
0091244,0,0,21,1,3,0,0,8,68,0,7,0,0,54,0,0,35,78,2,0,0
0091534,0,0,24,1,4,0,1,15,71,0,13,1,0,44,0,1,24,85,2,0,0
0091968,0,0,18,0,4,0,2,2,50,0,6,0,0,19,1,1,7,52,4,0,0
0094686,0,0,5,0,1,1,0,6,51,0,7,0,0,35,0,0,10,58,2,0,0
0097527,0,0,4,0,0,0,0,1,14,1,2,0,0,13,0,0,3,21,1,0,0
TOTALS,159,48,29526,197,1915,190,189,5852,78517,171,5675,68,219,28027,51,275,12286,69700,1515,49,0